surgery_id,department,scheduled_start,actual_delay_minutes,avoidable,baseline_idle_minutes,prototype_idle_minutes,prototype_status,readiness_score,confidence_score
SURG001,Orthopaedics,2026-09-10 10:00:00,114,False,0,0,DATA_INCOMPLETE,100.0,92.9
SURG002,Neurology,2026-09-10 12:00:00,57,True,57,14,DATA_INCOMPLETE,80.0,57.1
SURG003,Cardiology,2026-09-10 14:00:00,0,False,0,0,DATA_INCOMPLETE,100.0,92.9
SURG004,Obstetrics & Gynaecology,2026-09-10 16:00:00,19,True,19,4,DATA_INCOMPLETE,100.0,92.9
SURG005,Obstetrics & Gynaecology,2026-09-10 18:00:00,0,False,0,0,DATA_INCOMPLETE,100.0,92.9
SURG006,Obstetrics & Gynaecology,2026-09-10 20:00:00,0,False,0,0,DATA_INCOMPLETE,100.0,92.9
SURG007,ENT,2026-09-10 22:00:00,116,False,0,0,DATA_INCOMPLETE,100.0,92.9
SURG008,Plastic Surgery,2026-09-10 08:00:00,0,False,0,0,DATA_INCOMPLETE,100.0,92.9
SURG009,Orthopaedics,2026-09-10 10:00:00,0,False,0,0,DATA_INCOMPLETE,100.0,92.9
SURG010,General Surgery,2026-09-10 12:00:00,0,False,0,0,DATA_INCOMPLETE,100.0,92.9
SURG011,Cardiology,2026-09-10 14:00:00,27,False,0,0,DATA_INCOMPLETE,91.0,92.9
SURG012,Urology,2026-09-10 16:00:00,0,False,0,0,DATA_INCOMPLETE,100.0,92.9
SURG013,Neurology,2026-09-10 18:00:00,32,False,0,0,DATA_INCOMPLETE,91.0,92.9
SURG014,Cardiology,2026-09-10 20:00:00,0,False,0,0,DATA_INCOMPLETE,100.0,92.9
SURG015,Cardiology,2026-09-10 22:00:00,0,False,0,0,DATA_INCOMPLETE,100.0,92.9
SURG016,Neurology,2026-09-10 08:00:00,0,False,0,0,DATA_INCOMPLETE,100.0,92.9
SURG017,Orthopaedics,2026-09-10 10:00:00,0,False,0,0,DATA_INCOMPLETE,100.0,92.9
SURG018,General Surgery,2026-09-10 12:00:00,0,False,0,0,DATA_INCOMPLETE,100.0,92.9
SURG019,Neurology,2026-09-10 14:00:00,0,False,0,0,DATA_INCOMPLETE,100.0,92.9
SURG020,General Surgery,2026-09-10 16:00:00,33,True,33,8,DATA_INCOMPLETE,85.0,92.9
SURG021,Obstetrics & Gynaecology,2026-09-10 18:00:00,0,False,0,0,DATA_INCOMPLETE,100.0,92.9
SURG022,Neurology,2026-09-10 20:00:00,0,False,0,0,DATA_INCOMPLETE,100.0,92.9
SURG023,Urology,2026-09-10 22:00:00,115,False,0,0,DATA_INCOMPLETE,100.0,92.9
SURG024,Urology,2026-09-10 08:00:00,0,False,0,0,DATA_INCOMPLETE,100.0,92.9
SURG025,Urology,2026-09-10 10:00:00,0,False,0,0,DATA_INCOMPLETE,100.0,92.9
SURG026,ENT,2026-09-10 12:00:00,73,True,73,18,DATA_INCOMPLETE,80.0,85.7
SURG027,ENT,2026-09-10 14:00:00,0,False,0,0,DATA_INCOMPLETE,100.0,92.9
SURG028,Plastic Surgery,2026-09-10 16:00:00,0,False,0,0,DATA_INCOMPLETE,100.0,92.9
SURG029,Obstetrics & Gynaecology,2026-09-10 18:00:00,0,False,0,0,DATA_INCOMPLETE,100.0,92.9
SURG030,Urology,2026-09-10 20:00:00,0,False,0,0,DATA_INCOMPLETE,100.0,92.9
SURG031,ENT,2026-09-10 22:00:00,0,False,0,0,DATA_INCOMPLETE,100.0,92.9
SURG032,Urology,2026-09-10 08:00:00,0,False,0,0,DATA_INCOMPLETE,100.0,92.9
SURG033,Orthopaedics,2026-09-11 10:00:00,29,True,29,7,DATA_INCOMPLETE,89.5,92.9
SURG034,Neurology,2026-09-11 12:00:00,0,False,0,0,DATA_INCOMPLETE,100.0,92.9
SURG035,Neurology,2026-09-11 14:00:00,0,False,0,0,DATA_INCOMPLETE,100.0,92.9
SURG036,Neurology,2026-09-11 16:00:00,112,False,0,0,DATA_INCOMPLETE,100.0,92.9
SURG037,Plastic Surgery,2026-09-11 18:00:00,0,False,0,0,DATA_INCOMPLETE,100.0,92.9
SURG038,Urology,2026-09-11 20:00:00,0,False,0,0,DATA_INCOMPLETE,100.0,92.9
SURG039,ENT,2026-09-11 22:00:00,0,False,0,0,DATA_INCOMPLETE,100.0,92.9
SURG040,Orthopaedics,2026-09-11 08:00:00,0,False,0,0,DATA_INCOMPLETE,100.0,92.9
SURG041,ENT,2026-09-11 10:00:00,0,False,0,0,DATA_INCOMPLETE,100.0,92.9
SURG042,Plastic Surgery,2026-09-11 12:00:00,40,True,40,10,DATA_INCOMPLETE,80.0,92.9
SURG043,Neurology,2026-09-11 14:00:00,0,False,0,0,DATA_INCOMPLETE,100.0,92.9
SURG044,Neurology,2026-09-11 16:00:00,0,False,0,0,DATA_INCOMPLETE,100.0,92.9
SURG045,ENT,2026-09-11 18:00:00,0,False,0,0,DATA_INCOMPLETE,100.0,92.9
SURG046,Cardiology,2026-09-11 20:00:00,0,False,0,0,DATA_INCOMPLETE,100.0,92.9
SURG047,Urology,2026-09-11 22:00:00,0,False,0,0,DATA_INCOMPLETE,100.0,92.9
SURG048,ENT,2026-09-11 08:00:00,0,False,0,0,DATA_INCOMPLETE,100.0,92.9
SURG049,Urology,2026-09-11 10:00:00,0,False,0,0,DATA_INCOMPLETE,100.0,92.9
SURG050,Orthopaedics,2026-09-11 12:00:00,60,True,60,15,DATA_INCOMPLETE,80.0,85.7
SURG051,Obstetrics & Gynaecology,2026-09-11 14:00:00,0,False,0,0,DATA_INCOMPLETE,100.0,92.9
SURG052,Urology,2026-09-11 16:00:00,113,False,0,0,DATA_INCOMPLETE,100.0,92.9
SURG053,Plastic Surgery,2026-09-11 18:00:00,0,False,0,0,DATA_INCOMPLETE,100.0,92.9
SURG054,Cardiology,2026-09-11 20:00:00,0,False,0,0,DATA_INCOMPLETE,100.0,92.9
SURG055,Neurology,2026-09-11 22:00:00,0,False,0,0,DATA_INCOMPLETE,100.0,92.9
SURG056,Cardiology,2026-09-11 08:00:00,46,True,46,11,DATA_INCOMPLETE,80.0,92.9
SURG057,Neurology,2026-09-11 10:00:00,0,False,0,0,DATA_INCOMPLETE,100.0,92.9
SURG058,Orthopaedics,2026-09-11 12:00:00,0,False,0,0,DATA_INCOMPLETE,100.0,92.9
SURG059,Plastic Surgery,2026-09-11 14:00:00,86,False,0,0,DATA_INCOMPLETE,100.0,92.9
SURG060,Orthopaedics,2026-09-11 16:00:00,0,False,0,0,DATA_INCOMPLETE,100.0,92.9
SURG061,ENT,2026-09-11 18:00:00,0,False,0,0,DATA_INCOMPLETE,100.0,92.9
SURG062,Cardiology,2026-09-11 20:00:00,0,False,0,0,DATA_INCOMPLETE,100.0,92.9
SURG063,Plastic Surgery,2026-09-11 22:00:00,86,True,86,21,DATA_INCOMPLETE,80.0,85.7
SURG064,Neurology,2026-09-11 08:00:00,0,False,0,0,DATA_INCOMPLETE,100.0,92.9
SURG065,Plastic Surgery,2026-09-12 10:00:00,12,True,12,3,DATA_INCOMPLETE,100.0,92.9
SURG066,Plastic Surgery,2026-09-12 12:00:00,0,False,0,0,DATA_INCOMPLETE,100.0,92.9
SURG067,Orthopaedics,2026-09-12 14:00:00,0,False,0,0,DATA_INCOMPLETE,100.0,92.9
SURG068,Plastic Surgery,2026-09-12 16:00:00,0,False,0,0,DATA_INCOMPLETE,100.0,92.9
SURG069,ENT,2026-09-12 18:00:00,0,False,0,0,DATA_INCOMPLETE,100.0,92.9
SURG070,Cardiology,2026-09-12 20:00:00,0,False,0,0,DATA_INCOMPLETE,100.0,92.9
SURG071,Urology,2026-09-12 22:00:00,0,False,0,0,DATA_INCOMPLETE,100.0,92.9
SURG072,Plastic Surgery,2026-09-12 08:00:00,0,False,0,0,DATA_INCOMPLETE,100.0,92.9
SURG073,Plastic Surgery,2026-09-12 10:00:00,77,False,0,0,DATA_INCOMPLETE,100.0,92.9
SURG074,Neurology,2026-09-12 12:00:00,0,False,0,0,DATA_INCOMPLETE,100.0,92.9
SURG075,Urology,2026-09-12 14:00:00,0,False,0,0,DATA_INCOMPLETE,100.0,92.9
SURG076,Orthopaedics,2026-09-12 16:00:00,41,True,41,10,DATA_INCOMPLETE,80.0,85.7
SURG077,Obstetrics & Gynaecology,2026-09-12 18:00:00,0,False,0,0,DATA_INCOMPLETE,100.0,92.9
SURG078,Cardiology,2026-09-12 20:00:00,0,False,0,0,DATA_INCOMPLETE,100.0,92.9
SURG079,Neurology,2026-09-12 22:00:00,0,False,0,0,DATA_INCOMPLETE,100.0,92.9
SURG080,Cardiology,2026-09-12 08:00:00,0,False,0,0,DATA_INCOMPLETE,100.0,92.9
SURG081,Plastic Surgery,2026-09-12 10:00:00,48,True,48,12,DATA_INCOMPLETE,80.0,92.9
SURG082,Cardiology,2026-09-12 12:00:00,0,False,0,0,DATA_INCOMPLETE,100.0,92.9
SURG083,Neurology,2026-09-12 14:00:00,0,False,0,0,DATA_INCOMPLETE,100.0,92.9
SURG084,General Surgery,2026-09-12 16:00:00,0,False,0,0,DATA_INCOMPLETE,100.0,92.9
SURG085,Cardiology,2026-09-12 18:00:00,0,False,0,0,DATA_INCOMPLETE,100.0,92.9
SURG086,Orthopaedics,2026-09-12 20:00:00,0,False,0,0,DATA_INCOMPLETE,100.0,92.9
SURG087,General Surgery,2026-09-12 22:00:00,0,False,0,0,DATA_INCOMPLETE,100.0,92.9
SURG088,ENT,2026-09-12 08:00:00,0,False,0,0,DATA_INCOMPLETE,100.0,92.9
SURG089,Obstetrics & Gynaecology,2026-09-12 10:00:00,38,True,38,9,DATA_INCOMPLETE,90.0,92.9
SURG090,ENT,2026-09-12 12:00:00,0,False,0,0,DATA_INCOMPLETE,100.0,92.9
SURG091,Obstetrics & Gynaecology,2026-09-12 14:00:00,0,False,0,0,DATA_INCOMPLETE,100.0,92.9
SURG092,Obstetrics & Gynaecology,2026-09-12 16:00:00,0,False,0,0,DATA_INCOMPLETE,100.0,92.9
SURG093,Plastic Surgery,2026-09-12 18:00:00,0,False,0,0,DATA_INCOMPLETE,100.0,92.9
SURG094,Plastic Surgery,2026-09-12 20:00:00,0,False,0,0,DATA_INCOMPLETE,100.0,92.9
SURG095,Plastic Surgery,2026-09-12 22:00:00,39,True,39,9,DATA_INCOMPLETE,85.0,92.9
SURG096,ENT,2026-09-12 08:00:00,0,False,0,0,DATA_INCOMPLETE,100.0,92.9
SURG097,Cardiology,2026-09-13 10:00:00,0,False,0,0,DATA_INCOMPLETE,100.0,92.9
SURG098,Plastic Surgery,2026-09-13 12:00:00,0,False,0,0,DATA_INCOMPLETE,100.0,92.9
SURG099,Neurology,2026-09-13 14:00:00,41,False,0,0,DATA_INCOMPLETE,91.0,92.9
SURG100,Urology,2026-09-13 16:00:00,0,False,0,0,DATA_INCOMPLETE,100.0,92.9
SURG101,Plastic Surgery,2026-09-13 18:00:00,0,False,0,0,DATA_INCOMPLETE,100.0,92.9
SURG102,Orthopaedics,2026-09-13 20:00:00,0,False,0,0,DATA_INCOMPLETE,100.0,92.9
SURG103,Plastic Surgery,2026-09-13 22:00:00,0,False,0,0,DATA_INCOMPLETE,100.0,92.9
SURG104,Obstetrics & Gynaecology,2026-09-13 08:00:00,0,False,0,0,DATA_INCOMPLETE,100.0,92.9
SURG105,Urology,2026-09-13 10:00:00,71,True,71,17,DATA_INCOMPLETE,80.0,85.7
SURG106,ENT,2026-09-13 12:00:00,0,False,0,0,DATA_INCOMPLETE,100.0,92.9
SURG107,Cardiology,2026-09-13 14:00:00,0,False,0,0,DATA_INCOMPLETE,100.0,92.9
SURG108,Plastic Surgery,2026-09-13 16:00:00,0,False,0,0,DATA_INCOMPLETE,100.0,92.9
SURG109,Neurology,2026-09-13 18:00:00,0,False,0,0,DATA_INCOMPLETE,100.0,92.9
SURG110,Orthopaedics,2026-09-13 20:00:00,0,False,0,0,DATA_INCOMPLETE,100.0,92.9
SURG111,ENT,2026-09-13 22:00:00,0,False,0,0,DATA_INCOMPLETE,100.0,92.9
SURG112,Cardiology,2026-09-13 08:00:00,30,True,30,7,DATA_INCOMPLETE,100.0,92.9
SURG113,Plastic Surgery,2026-09-13 10:00:00,14,True,14,3,DATA_INCOMPLETE,90.0,57.1
SURG114,Cardiology,2026-09-13 12:00:00,0,False,0,0,DATA_INCOMPLETE,100.0,92.9
SURG115,General Surgery,2026-09-13 14:00:00,0,False,0,0,DATA_INCOMPLETE,100.0,92.9
SURG116,Orthopaedics,2026-09-13 16:00:00,0,False,0,0,DATA_INCOMPLETE,100.0,92.9
SURG117,Plastic Surgery,2026-09-13 18:00:00,40,True,40,10,DATA_INCOMPLETE,83.8,92.9
SURG118,Orthopaedics,2026-09-13 20:00:00,0,False,0,0,DATA_INCOMPLETE,100.0,92.9
SURG119,ENT,2026-09-13 22:00:00,0,False,0,0,DATA_INCOMPLETE,100.0,92.9
SURG120,Urology,2026-09-13 08:00:00,68,True,68,17,DATA_INCOMPLETE,80.0,85.7
SURG121,Urology,2026-09-13 10:00:00,0,False,0,0,DATA_INCOMPLETE,100.0,92.9
SURG122,Cardiology,2026-09-13 12:00:00,0,False,0,0,DATA_INCOMPLETE,100.0,92.9
SURG123,Obstetrics & Gynaecology,2026-09-13 14:00:00,0,False,0,0,DATA_INCOMPLETE,100.0,92.9
SURG124,Urology,2026-09-13 16:00:00,0,False,0,0,DATA_INCOMPLETE,100.0,92.9
SURG125,Plastic Surgery,2026-09-13 18:00:00,0,False,0,0,DATA_INCOMPLETE,100.0,92.9
SURG126,Neurology,2026-09-13 20:00:00,0,False,0,0,DATA_INCOMPLETE,100.0,92.9
SURG127,ENT,2026-09-13 22:00:00,0,False,0,0,DATA_INCOMPLETE,100.0,92.9
SURG128,General Surgery,2026-09-13 08:00:00,0,False,0,0,DATA_INCOMPLETE,100.0,92.9
SURG129,Obstetrics & Gynaecology,2026-09-14 10:00:00,39,True,39,9,DATA_INCOMPLETE,80.0,92.9
SURG130,Orthopaedics,2026-09-14 12:00:00,0,False,0,0,DATA_INCOMPLETE,100.0,92.9
SURG131,Urology,2026-09-14 14:00:00,0,False,0,0,DATA_INCOMPLETE,100.0,92.9
SURG132,Obstetrics & Gynaecology,2026-09-14 16:00:00,0,False,0,0,DATA_INCOMPLETE,100.0,92.9
SURG133,Plastic Surgery,2026-09-14 18:00:00,22,True,22,5,DATA_INCOMPLETE,92.5,92.9
SURG134,Plastic Surgery,2026-09-14 20:00:00,39,False,0,0,DATA_INCOMPLETE,91.0,92.9
SURG135,Plastic Surgery,2026-09-14 22:00:00,23,True,23,5,DATA_INCOMPLETE,85.0,92.9
SURG136,Obstetrics & Gynaecology,2026-09-14 08:00:00,0,False,0,0,DATA_INCOMPLETE,100.0,92.9
SURG137,Obstetrics & Gynaecology,2026-09-14 10:00:00,0,False,0,0,DATA_INCOMPLETE,100.0,92.9
SURG138,General Surgery,2026-09-14 12:00:00,0,False,0,0,DATA_INCOMPLETE,100.0,92.9
SURG139,Orthopaedics,2026-09-14 14:00:00,0,False,0,0,DATA_INCOMPLETE,100.0,92.9
SURG140,General Surgery,2026-09-14 16:00:00,0,False,0,0,DATA_INCOMPLETE,100.0,92.9
SURG141,General Surgery,2026-09-14 18:00:00,0,False,0,0,DATA_INCOMPLETE,100.0,92.9
SURG142,General Surgery,2026-09-14 20:00:00,0,False,0,0,DATA_INCOMPLETE,100.0,92.9
SURG143,Urology,2026-09-14 22:00:00,0,False,0,0,DATA_INCOMPLETE,100.0,92.9
SURG144,ENT,2026-09-14 08:00:00,55,False,0,0,DATA_INCOMPLETE,100.0,92.9
SURG145,Urology,2026-09-14 10:00:00,53,True,53,13,DATA_INCOMPLETE,80.0,92.9
SURG146,General Surgery,2026-09-14 12:00:00,0,False,0,0,DATA_INCOMPLETE,100.0,92.9
SURG147,General Surgery,2026-09-14 14:00:00,0,False,0,0,DATA_INCOMPLETE,100.0,92.9
SURG148,Cardiology,2026-09-14 16:00:00,0,False,0,0,DATA_INCOMPLETE,100.0,92.9
SURG149,Plastic Surgery,2026-09-14 18:00:00,19,True,19,4,DATA_INCOMPLETE,100.0,92.9
SURG150,Plastic Surgery,2026-09-14 20:00:00,37,True,37,9,DATA_INCOMPLETE,80.0,57.1
SURG151,Urology,2026-09-14 22:00:00,0,False,0,0,DATA_INCOMPLETE,100.0,92.9
SURG152,General Surgery,2026-09-14 08:00:00,0,False,0,0,DATA_INCOMPLETE,100.0,92.9
SURG153,Orthopaedics,2026-09-14 10:00:00,0,False,0,0,DATA_INCOMPLETE,100.0,92.9
SURG154,Orthopaedics,2026-09-14 12:00:00,0,False,0,0,DATA_INCOMPLETE,100.0,92.9
SURG155,Neurology,2026-09-14 14:00:00,0,False,0,0,DATA_INCOMPLETE,100.0,92.9
SURG156,General Surgery,2026-09-14 16:00:00,0,False,0,0,DATA_INCOMPLETE,100.0,92.9
SURG157,General Surgery,2026-09-14 18:00:00,10,True,10,2,DATA_INCOMPLETE,90.0,57.1
SURG158,Urology,2026-09-14 20:00:00,49,False,0,0,DATA_INCOMPLETE,91.0,92.9
SURG159,Orthopaedics,2026-09-14 22:00:00,0,False,0,0,DATA_INCOMPLETE,100.0,92.9
SURG160,Neurology,2026-09-14 08:00:00,0,False,0,0,DATA_INCOMPLETE,100.0,92.9
SURG161,Orthopaedics,2026-09-15 10:00:00,0,False,0,0,DATA_INCOMPLETE,100.0,92.9
SURG162,Neurology,2026-09-15 12:00:00,0,False,0,0,DATA_INCOMPLETE,100.0,92.9
SURG163,Urology,2026-09-15 14:00:00,0,False,0,0,DATA_INCOMPLETE,100.0,92.9
SURG164,Cardiology,2026-09-15 16:00:00,0,False,0,0,DATA_INCOMPLETE,100.0,92.9
SURG165,Cardiology,2026-09-15 18:00:00,0,False,0,0,DATA_INCOMPLETE,100.0,92.9
SURG166,Urology,2026-09-15 20:00:00,0,False,0,0,DATA_INCOMPLETE,100.0,92.9
SURG167,ENT,2026-09-15 22:00:00,0,False,0,0,DATA_INCOMPLETE,100.0,92.9
SURG168,Neurology,2026-09-15 08:00:00,0,False,0,0,DATA_INCOMPLETE,100.0,92.9
SURG169,General Surgery,2026-09-15 10:00:00,0,False,0,0,DATA_INCOMPLETE,100.0,92.9
SURG170,Cardiology,2026-09-15 12:00:00,69,True,69,17,DATA_INCOMPLETE,80.0,85.7
SURG171,Orthopaedics,2026-09-15 14:00:00,29,False,0,0,DATA_INCOMPLETE,91.0,92.9
SURG172,Obstetrics & Gynaecology,2026-09-15 16:00:00,0,False,0,0,DATA_INCOMPLETE,100.0,92.9
SURG173,Plastic Surgery,2026-09-15 18:00:00,0,False,0,0,DATA_INCOMPLETE,100.0,92.9
SURG174,Plastic Surgery,2026-09-15 20:00:00,0,False,0,0,DATA_INCOMPLETE,100.0,92.9
SURG175,Cardiology,2026-09-15 22:00:00,0,False,0,0,DATA_INCOMPLETE,100.0,92.9
SURG176,ENT,2026-09-15 08:00:00,0,False,0,0,DATA_INCOMPLETE,100.0,92.9
SURG177,ENT,2026-09-15 10:00:00,0,False,0,0,DATA_INCOMPLETE,100.0,92.9
SURG178,ENT,2026-09-15 12:00:00,26,True,26,6,DATA_INCOMPLETE,85.0,92.9
SURG179,ENT,2026-09-15 14:00:00,44,False,0,0,DATA_INCOMPLETE,91.0,92.9
SURG180,Neurology,2026-09-15 16:00:00,61,True,61,15,DATA_INCOMPLETE,80.0,85.7
SURG181,Urology,2026-09-15 18:00:00,0,False,0,0,DATA_INCOMPLETE,100.0,92.9
SURG182,ENT,2026-09-15 20:00:00,0,False,0,0,DATA_INCOMPLETE,100.0,92.9
SURG183,Obstetrics & Gynaecology,2026-09-15 22:00:00,0,False,0,0,DATA_INCOMPLETE,100.0,92.9
SURG184,General Surgery,2026-09-15 08:00:00,0,False,0,0,DATA_INCOMPLETE,100.0,92.9
SURG185,Neurology,2026-09-15 10:00:00,0,False,0,0,DATA_INCOMPLETE,100.0,92.9
SURG186,Cardiology,2026-09-15 12:00:00,0,False,0,0,DATA_INCOMPLETE,100.0,92.9
SURG187,Cardiology,2026-09-15 14:00:00,0,False,0,0,DATA_INCOMPLETE,100.0,92.9
SURG188,Plastic Surgery,2026-09-15 16:00:00,0,False,0,0,DATA_INCOMPLETE,100.0,92.9
SURG189,Plastic Surgery,2026-09-15 18:00:00,49,True,49,12,DATA_INCOMPLETE,80.0,85.7
SURG190,General Surgery,2026-09-15 20:00:00,0,False,0,0,DATA_INCOMPLETE,100.0,92.9
SURG191,Neurology,2026-09-15 22:00:00,0,False,0,0,DATA_INCOMPLETE,100.0,92.9
SURG192,Obstetrics & Gynaecology,2026-09-15 08:00:00,45,False,0,0,DATA_INCOMPLETE,91.0,92.9
SURG193,General Surgery,2026-09-16 10:00:00,0,False,0,0,DATA_INCOMPLETE,100.0,92.9
SURG194,General Surgery,2026-09-16 12:00:00,0,False,0,0,DATA_INCOMPLETE,100.0,92.9
SURG195,General Surgery,2026-09-16 14:00:00,0,False,0,0,DATA_INCOMPLETE,100.0,92.9
SURG196,ENT,2026-09-16 16:00:00,0,False,0,0,DATA_INCOMPLETE,100.0,92.9
SURG197,Urology,2026-09-16 18:00:00,48,False,0,0,DATA_INCOMPLETE,91.0,92.9
SURG198,Neurology,2026-09-16 20:00:00,0,False,0,0,DATA_INCOMPLETE,100.0,92.9
SURG199,Cardiology,2026-09-16 22:00:00,0,False,0,0,DATA_INCOMPLETE,100.0,92.9
SURG200,Urology,2026-09-16 08:00:00,0,False,0,0,DATA_INCOMPLETE,100.0,92.9
SURG201,General Surgery,2026-09-16 10:00:00,17,True,17,4,DATA_INCOMPLETE,90.0,57.1
SURG202,Urology,2026-09-16 12:00:00,0,False,0,0,DATA_INCOMPLETE,100.0,92.9
SURG203,ENT,2026-09-16 14:00:00,66,True,66,16,DATA_INCOMPLETE,80.0,85.7
SURG204,General Surgery,2026-09-16 16:00:00,28,True,28,7,DATA_INCOMPLETE,80.0,92.9
SURG205,ENT,2026-09-16 18:00:00,0,False,0,0,DATA_INCOMPLETE,100.0,92.9
SURG206,Plastic Surgery,2026-09-16 20:00:00,0,False,0,0,DATA_INCOMPLETE,100.0,92.9
SURG207,Cardiology,2026-09-16 22:00:00,0,False,0,0,DATA_INCOMPLETE,100.0,92.9
SURG208,Plastic Surgery,2026-09-16 08:00:00,0,False,0,0,DATA_INCOMPLETE,100.0,92.9
SURG209,ENT,2026-09-16 10:00:00,25,True,25,6,DATA_INCOMPLETE,80.0,92.9
SURG210,Orthopaedics,2026-09-16 12:00:00,0,False,0,0,DATA_INCOMPLETE,100.0,92.9
SURG211,ENT,2026-09-16 14:00:00,0,False,0,0,DATA_INCOMPLETE,100.0,92.9
SURG212,Orthopaedics,2026-09-16 16:00:00,17,True,17,4,DATA_INCOMPLETE,92.5,92.9
SURG213,Obstetrics & Gynaecology,2026-09-16 18:00:00,0,False,0,0,DATA_INCOMPLETE,100.0,92.9
SURG214,Cardiology,2026-09-16 20:00:00,0,False,0,0,DATA_INCOMPLETE,100.0,92.9
SURG215,Obstetrics & Gynaecology,2026-09-16 22:00:00,0,False,0,0,DATA_INCOMPLETE,100.0,92.9
SURG216,Cardiology,2026-09-16 08:00:00,0,False,0,0,DATA_INCOMPLETE,100.0,92.9
SURG217,Neurology,2026-09-16 10:00:00,0,False,0,0,DATA_INCOMPLETE,100.0,92.9
SURG218,Orthopaedics,2026-09-16 12:00:00,0,False,0,0,DATA_INCOMPLETE,100.0,92.9
SURG219,Neurology,2026-09-16 14:00:00,19,True,19,4,DATA_INCOMPLETE,100.0,92.9
SURG220,Plastic Surgery,2026-09-16 16:00:00,0,False,0,0,DATA_INCOMPLETE,100.0,92.9
SURG221,Orthopaedics,2026-09-16 18:00:00,0,False,0,0,DATA_INCOMPLETE,100.0,92.9
SURG222,General Surgery,2026-09-16 20:00:00,26,True,26,6,DATA_INCOMPLETE,100.0,92.9
SURG223,Orthopaedics,2026-09-16 22:00:00,20,True,20,5,DATA_INCOMPLETE,100.0,92.9
SURG224,General Surgery,2026-09-16 08:00:00,0,False,0,0,DATA_INCOMPLETE,100.0,92.9
SURG225,Urology,2026-09-17 10:00:00,29,True,29,7,DATA_INCOMPLETE,100.0,92.9
SURG226,Urology,2026-09-17 12:00:00,24,True,24,6,DATA_INCOMPLETE,90.0,57.1
SURG227,Neurology,2026-09-17 14:00:00,0,False,0,0,DATA_INCOMPLETE,100.0,92.9
SURG228,Cardiology,2026-09-17 16:00:00,27,True,27,6,DATA_INCOMPLETE,91.2,92.9
SURG229,General Surgery,2026-09-17 18:00:00,0,False,0,0,DATA_INCOMPLETE,100.0,92.9
SURG230,Cardiology,2026-09-17 20:00:00,112,False,0,0,DATA_INCOMPLETE,100.0,92.9
SURG231,Obstetrics & Gynaecology,2026-09-17 22:00:00,31,True,31,7,DATA_INCOMPLETE,80.0,85.7
SURG232,Orthopaedics,2026-09-17 08:00:00,0,False,0,0,DATA_INCOMPLETE,100.0,92.9
SURG233,Obstetrics & Gynaecology,2026-09-17 10:00:00,0,False,0,0,DATA_INCOMPLETE,100.0,92.9
SURG234,Neurology,2026-09-17 12:00:00,0,False,0,0,DATA_INCOMPLETE,100.0,92.9
SURG235,General Surgery,2026-09-17 14:00:00,0,False,0,0,DATA_INCOMPLETE,100.0,92.9
SURG236,General Surgery,2026-09-17 16:00:00,0,False,0,0,DATA_INCOMPLETE,100.0,92.9
SURG237,Urology,2026-09-17 18:00:00,0,False,0,0,DATA_INCOMPLETE,100.0,92.9
SURG238,Obstetrics & Gynaecology,2026-09-17 20:00:00,0,False,0,0,DATA_INCOMPLETE,100.0,92.9
SURG239,Neurology,2026-09-17 22:00:00,45,False,0,0,DATA_INCOMPLETE,100.0,92.9
SURG240,Plastic Surgery,2026-09-17 08:00:00,0,False,0,0,DATA_INCOMPLETE,100.0,92.9
SURG241,Orthopaedics,2026-09-17 10:00:00,0,False,0,0,DATA_INCOMPLETE,100.0,92.9
SURG242,Plastic Surgery,2026-09-17 12:00:00,0,False,0,0,DATA_INCOMPLETE,100.0,92.9
SURG243,ENT,2026-09-17 14:00:00,16,True,16,4,DATA_INCOMPLETE,75.0,92.9
SURG244,Cardiology,2026-09-17 16:00:00,40,True,40,10,DATA_INCOMPLETE,83.8,92.9
SURG245,Obstetrics & Gynaecology,2026-09-17 18:00:00,59,True,59,14,DATA_INCOMPLETE,80.0,85.7
SURG246,ENT,2026-09-17 20:00:00,26,True,26,6,DATA_INCOMPLETE,100.0,92.9
SURG247,Cardiology,2026-09-17 22:00:00,0,False,0,0,DATA_INCOMPLETE,100.0,92.9
SURG248,Neurology,2026-09-17 08:00:00,25,True,25,6,DATA_INCOMPLETE,81.2,92.9
SURG249,General Surgery,2026-09-17 10:00:00,0,False,0,0,DATA_INCOMPLETE,100.0,92.9
SURG250,Orthopaedics,2026-09-17 12:00:00,0,False,0,0,DATA_INCOMPLETE,100.0,92.9
SURG251,Obstetrics & Gynaecology,2026-09-17 14:00:00,0,False,0,0,DATA_INCOMPLETE,100.0,92.9
SURG252,Plastic Surgery,2026-09-17 16:00:00,0,False,0,0,DATA_INCOMPLETE,100.0,92.9
SURG253,General Surgery,2026-09-17 18:00:00,0,False,0,0,DATA_INCOMPLETE,100.0,92.9
SURG254,Orthopaedics,2026-09-17 20:00:00,0,False,0,0,DATA_INCOMPLETE,100.0,92.9
SURG255,Obstetrics & Gynaecology,2026-09-17 22:00:00,0,False,0,0,DATA_INCOMPLETE,100.0,92.9
SURG256,ENT,2026-09-17 08:00:00,0,False,0,0,DATA_INCOMPLETE,100.0,92.9
SURG257,Plastic Surgery,2026-09-18 10:00:00,0,False,0,0,DATA_INCOMPLETE,100.0,92.9
SURG258,Plastic Surgery,2026-09-18 12:00:00,0,False,0,0,DATA_INCOMPLETE,100.0,92.9
SURG259,Cardiology,2026-09-18 14:00:00,0,False,0,0,DATA_INCOMPLETE,100.0,92.9
SURG260,Obstetrics & Gynaecology,2026-09-18 16:00:00,0,False,0,0,DATA_INCOMPLETE,100.0,92.9
SURG261,Neurology,2026-09-18 18:00:00,0,False,0,0,DATA_INCOMPLETE,100.0,92.9
SURG262,Obstetrics & Gynaecology,2026-09-18 20:00:00,0,False,0,0,DATA_INCOMPLETE,100.0,92.9
SURG263,Plastic Surgery,2026-09-18 22:00:00,0,False,0,0,DATA_INCOMPLETE,100.0,92.9
SURG264,General Surgery,2026-09-18 08:00:00,0,False,0,0,DATA_INCOMPLETE,100.0,92.9
SURG265,Obstetrics & Gynaecology,2026-09-18 10:00:00,0,False,0,0,DATA_INCOMPLETE,100.0,92.9
SURG266,ENT,2026-09-18 12:00:00,0,False,0,0,DATA_INCOMPLETE,100.0,92.9
SURG267,Neurology,2026-09-18 14:00:00,24,True,24,6,DATA_INCOMPLETE,92.5,92.9
SURG268,ENT,2026-09-18 16:00:00,0,False,0,0,DATA_INCOMPLETE,100.0,92.9
SURG269,General Surgery,2026-09-18 18:00:00,0,False,0,0,DATA_INCOMPLETE,100.0,92.9
SURG270,Cardiology,2026-09-18 20:00:00,0,False,0,0,DATA_INCOMPLETE,100.0,92.9
SURG271,Orthopaedics,2026-09-18 22:00:00,0,False,0,0,DATA_INCOMPLETE,100.0,92.9
SURG272,Plastic Surgery,2026-09-18 08:00:00,26,True,26,6,DATA_INCOMPLETE,100.0,92.9
SURG273,Obstetrics & Gynaecology,2026-09-18 10:00:00,39,True,39,9,DATA_INCOMPLETE,83.8,92.9
SURG274,Plastic Surgery,2026-09-18 12:00:00,0,False,0,0,DATA_INCOMPLETE,100.0,92.9
SURG275,Orthopaedics,2026-09-18 14:00:00,0,False,0,0,DATA_INCOMPLETE,100.0,92.9
SURG276,ENT,2026-09-18 16:00:00,0,False,0,0,DATA_INCOMPLETE,100.0,92.9
SURG277,ENT,2026-09-18 18:00:00,0,False,0,0,DATA_INCOMPLETE,100.0,92.9
SURG278,ENT,2026-09-18 20:00:00,31,True,31,7,DATA_INCOMPLETE,91.2,92.9
SURG279,Orthopaedics,2026-09-18 22:00:00,0,False,0,0,DATA_INCOMPLETE,100.0,92.9
SURG280,Urology,2026-09-18 08:00:00,17,True,17,4,DATA_INCOMPLETE,85.0,92.9
SURG281,Cardiology,2026-09-18 10:00:00,45,True,45,11,DATA_INCOMPLETE,100.0,92.9
SURG282,Plastic Surgery,2026-09-18 12:00:00,0,False,0,0,DATA_INCOMPLETE,100.0,92.9
SURG283,Obstetrics & Gynaecology,2026-09-18 14:00:00,0,False,0,0,DATA_INCOMPLETE,100.0,92.9
SURG284,Neurology,2026-09-18 16:00:00,0,False,0,0,DATA_INCOMPLETE,100.0,92.9
SURG285,Cardiology,2026-09-18 18:00:00,0,False,0,0,DATA_INCOMPLETE,100.0,92.9
SURG286,General Surgery,2026-09-18 20:00:00,0,False,0,0,DATA_INCOMPLETE,100.0,92.9
SURG287,Plastic Surgery,2026-09-18 22:00:00,0,False,0,0,DATA_INCOMPLETE,100.0,92.9
SURG288,General Surgery,2026-09-18 08:00:00,0,False,0,0,DATA_INCOMPLETE,100.0,92.9
SURG289,General Surgery,2026-09-19 10:00:00,39,True,39,9,DATA_INCOMPLETE,80.0,85.7
SURG290,Neurology,2026-09-19 12:00:00,0,False,0,0,DATA_INCOMPLETE,100.0,92.9
SURG291,Neurology,2026-09-19 14:00:00,0,False,0,0,DATA_INCOMPLETE,100.0,92.9
SURG292,Cardiology,2026-09-19 16:00:00,0,False,0,0,DATA_INCOMPLETE,100.0,92.9
SURG293,Orthopaedics,2026-09-19 18:00:00,0,False,0,0,DATA_INCOMPLETE,100.0,92.9
SURG294,General Surgery,2026-09-19 20:00:00,0,False,0,0,DATA_INCOMPLETE,100.0,92.9
SURG295,Neurology,2026-09-19 22:00:00,0,False,0,0,DATA_INCOMPLETE,100.0,92.9
SURG296,ENT,2026-09-19 08:00:00,16,True,16,4,DATA_INCOMPLETE,75.0,92.9
SURG297,Cardiology,2026-09-19 10:00:00,0,False,0,0,DATA_INCOMPLETE,100.0,92.9
SURG298,Obstetrics & Gynaecology,2026-09-19 12:00:00,18,True,18,4,DATA_INCOMPLETE,100.0,92.9
SURG299,ENT,2026-09-19 14:00:00,28,True,28,7,DATA_INCOMPLETE,100.0,92.9
SURG300,Plastic Surgery,2026-09-19 16:00:00,0,False,0,0,DATA_INCOMPLETE,100.0,92.9
SURG301,Urology,2026-09-19 18:00:00,0,False,0,0,DATA_INCOMPLETE,100.0,92.9
SURG302,Obstetrics & Gynaecology,2026-09-19 20:00:00,0,False,0,0,DATA_INCOMPLETE,100.0,92.9
SURG303,Orthopaedics,2026-09-19 22:00:00,42,True,42,10,DATA_INCOMPLETE,80.0,85.7
SURG304,Plastic Surgery,2026-09-19 08:00:00,0,False,0,0,DATA_INCOMPLETE,100.0,92.9
SURG305,Neurology,2026-09-19 10:00:00,41,True,41,10,DATA_INCOMPLETE,80.0,57.1
SURG306,General Surgery,2026-09-19 12:00:00,0,False,0,0,DATA_INCOMPLETE,100.0,92.9
SURG307,Plastic Surgery,2026-09-19 14:00:00,0,False,0,0,DATA_INCOMPLETE,100.0,92.9
SURG308,General Surgery,2026-09-19 16:00:00,106,False,0,0,DATA_INCOMPLETE,100.0,92.9
SURG309,Urology,2026-09-19 18:00:00,50,False,0,0,DATA_INCOMPLETE,91.0,92.9
SURG310,Cardiology,2026-09-19 20:00:00,0,False,0,0,DATA_INCOMPLETE,100.0,92.9
SURG311,ENT,2026-09-19 22:00:00,0,False,0,0,DATA_INCOMPLETE,100.0,92.9
SURG312,Neurology,2026-09-19 08:00:00,74,False,0,0,DATA_INCOMPLETE,100.0,92.9
SURG313,Neurology,2026-09-19 10:00:00,57,True,57,14,DATA_INCOMPLETE,80.0,92.9
SURG314,Urology,2026-09-19 12:00:00,0,False,0,0,DATA_INCOMPLETE,100.0,92.9
SURG315,General Surgery,2026-09-19 14:00:00,0,False,0,0,DATA_INCOMPLETE,100.0,92.9
SURG316,ENT,2026-09-19 16:00:00,44,False,0,0,DATA_INCOMPLETE,91.0,92.9
SURG317,ENT,2026-09-19 18:00:00,0,False,0,0,DATA_INCOMPLETE,100.0,92.9
SURG318,Urology,2026-09-19 20:00:00,0,False,0,0,DATA_INCOMPLETE,100.0,92.9
SURG319,Orthopaedics,2026-09-19 22:00:00,0,False,0,0,DATA_INCOMPLETE,100.0,92.9
SURG320,ENT,2026-09-19 08:00:00,16,True,16,4,DATA_INCOMPLETE,100.0,92.9
