equipment_id,equipment_name,theatre_id,status,maintenance_status,last_maintenance_date,last_updated
EQ0001,C-Arm Fluoroscopy,OT002,READY,OK,2026-08-26,2026-09-10 09:45:00
EQ0002,Heart-Lung Machine,OT004,READY,OK,2026-08-26,2026-09-10 11:45:00
EQ0003,C-Arm Fluoroscopy,OT002,READY,OK,2026-08-26,2026-09-10 13:45:00
EQ0004,Surgical Diathermy,OT005,READY,OK,2026-08-26,2026-09-10 15:45:00
EQ0005,Laparoscopic Tower,OT006,READY,OK,2026-08-26,2026-09-10 17:45:00
EQ0006,Patient Monitor,OT004,READY,OK,2026-08-26,2026-09-10 19:45:00
EQ0007,Patient Monitor,OT008,READY,OK,2026-08-26,2026-09-10 21:45:00
EQ0008,Surgical Table,OT003,READY,OK,2026-08-26,2026-09-10 07:45:00
EQ0009,Anesthesia Workstation,OT005,READY,OK,2026-08-26,2026-09-10 09:45:00
EQ0010,Surgical Table,OT005,READY,OK,2026-08-26,2026-09-10 11:45:00
EQ0011,Surgical Table,OT001,READY,OK,2026-08-26,2026-09-10 13:45:00
EQ0012,C-Arm Fluoroscopy,OT003,READY,OK,2026-08-26,2026-09-10 15:45:00
EQ0013,Anesthesia Workstation,OT004,READY,OK,2026-08-26,2026-09-10 17:45:00
EQ0014,Patient Monitor,OT006,READY,OK,2026-08-26,2026-09-10 19:45:00
EQ0015,C-Arm Fluoroscopy,OT002,READY,OK,2026-08-26,2026-09-10 21:45:00
EQ0016,Surgical Table,OT004,READY,OK,2026-08-26,2026-09-10 07:45:00
EQ0017,Operating Microscope,OT002,READY,OK,2026-08-26,2026-09-10 09:45:00
EQ0018,Patient Monitor,OT001,READY,OK,2026-08-26,2026-09-10 11:45:00
EQ0019,Anesthesia Workstation,OT005,READY,OK,2026-08-26,2026-09-10 13:45:00
EQ0020,Laparoscopic Tower,OT002,READY,OK,2026-08-26,2026-09-10 15:45:00
EQ0021,C-Arm Fluoroscopy,OT004,READY,OK,2026-08-26,2026-09-10 17:45:00
EQ0022,Laparoscopic Tower,OT002,READY,OK,2026-08-26,2026-09-10 19:45:00
EQ0023,Heart-Lung Machine,OT001,READY,OK,2026-08-26,2026-09-10 21:45:00
EQ0024,Heart-Lung Machine,OT004,READY,OK,2026-08-26,2026-09-10 07:45:00
EQ0025,Heart-Lung Machine,OT003,READY,OK,2026-08-26,2026-09-10 09:45:00
EQ0026,Surgical Diathermy,OT003,FAULTY,REQUIRED,2026-08-26,2026-09-10 11:45:00
EQ0027,Operating Microscope,OT003,READY,OK,2026-08-26,2026-09-10 13:45:00
EQ0028,Patient Monitor,OT001,READY,OK,2026-08-26,2026-09-10 15:45:00
EQ0029,Laparoscopic Tower,OT007,READY,OK,2026-08-26,2026-09-10 17:45:00
EQ0030,Laparoscopic Tower,OT003,READY,OK,2026-08-26,2026-09-10 19:45:00
EQ0031,C-Arm Fluoroscopy,OT001,READY,OK,2026-08-26,2026-09-10 21:45:00
EQ0032,Laparoscopic Tower,OT005,READY,OK,2026-08-26,2026-09-10 07:45:00
EQ0033,Heart-Lung Machine,OT007,READY,OK,2026-08-27,2026-09-11 09:45:00
EQ0034,Surgical Table,OT002,READY,OK,2026-08-27,2026-09-11 11:45:00
EQ0035,Surgical Table,OT007,READY,OK,2026-08-27,2026-09-11 13:45:00
EQ0036,Surgical Diathermy,OT001,READY,OK,2026-08-27,2026-09-11 15:45:00
EQ0037,Laparoscopic Tower,OT008,READY,OK,2026-08-27,2026-09-11 17:45:00
EQ0038,Patient Monitor,OT004,READY,OK,2026-08-27,2026-09-11 19:45:00
EQ0039,Operating Microscope,OT002,READY,OK,2026-08-27,2026-09-11 21:45:00
EQ0040,Surgical Table,OT008,READY,OK,2026-08-27,2026-09-11 07:45:00
EQ0041,Operating Microscope,OT001,READY,OK,2026-08-27,2026-09-11 09:45:00
EQ0042,Anesthesia Workstation,OT003,READY,OK,2026-08-27,2026-09-11 11:45:00
EQ0043,Surgical Table,OT006,READY,OK,2026-08-27,2026-09-11 13:45:00
EQ0044,Laparoscopic Tower,OT002,READY,OK,2026-08-27,2026-09-11 15:45:00
EQ0045,Operating Microscope,OT007,READY,OK,2026-08-27,2026-09-11 17:45:00
EQ0046,Operating Microscope,OT006,READY,OK,2026-08-27,2026-09-11 19:45:00
EQ0047,Patient Monitor,OT003,READY,OK,2026-08-27,2026-09-11 21:45:00
EQ0048,Heart-Lung Machine,OT008,READY,OK,2026-08-27,2026-09-11 07:45:00
EQ0049,Surgical Table,OT005,READY,OK,2026-08-27,2026-09-11 09:45:00
EQ0050,C-Arm Fluoroscopy,OT008,MAINTENANCE,REQUIRED,2026-08-27,2026-09-11 10:45:00
EQ0051,C-Arm Fluoroscopy,OT004,READY,OK,2026-08-27,2026-09-11 13:45:00
EQ0052,Laparoscopic Tower,OT004,READY,OK,2026-08-27,2026-09-11 15:45:00
EQ0053,Laparoscopic Tower,OT003,READY,OK,2026-08-27,2026-09-11 17:45:00
EQ0054,C-Arm Fluoroscopy,OT008,READY,OK,2026-08-27,2026-09-11 19:45:00
EQ0055,Patient Monitor,OT007,READY,OK,2026-08-27,2026-09-11 21:45:00
EQ0056,Surgical Table,OT005,READY,OK,2026-08-27,2026-09-11 07:45:00
EQ0057,Surgical Diathermy,OT002,READY,OK,2026-08-27,2026-09-11 09:45:00
EQ0058,Laparoscopic Tower,OT002,READY,OK,2026-08-27,2026-09-11 11:45:00
EQ0059,Anesthesia Workstation,OT008,READY,OK,2026-08-27,2026-09-11 13:45:00
EQ0060,Surgical Table,OT005,READY,OK,2026-08-27,2026-09-11 15:45:00
EQ0061,Anesthesia Workstation,OT006,READY,OK,2026-08-27,2026-09-11 17:45:00
EQ0062,Heart-Lung Machine,OT008,READY,OK,2026-08-27,2026-09-11 19:45:00
EQ0063,Operating Microscope,OT008,UNKNOWN,REQUIRED,2026-08-27,2026-09-11 21:45:00
EQ0064,Surgical Table,OT002,READY,OK,2026-08-27,2026-09-11 07:45:00
EQ0065,Surgical Table,OT004,READY,OK,2026-08-28,2026-09-12 09:45:00
EQ0066,Patient Monitor,OT003,READY,OK,2026-08-28,2026-09-12 11:45:00
EQ0067,Heart-Lung Machine,OT007,READY,OK,2026-08-28,2026-09-12 13:45:00
EQ0068,Laparoscopic Tower,OT002,READY,OK,2026-08-28,2026-09-12 15:45:00
EQ0069,Laparoscopic Tower,OT006,READY,OK,2026-08-28,2026-09-12 17:45:00
EQ0070,Heart-Lung Machine,OT004,READY,OK,2026-08-28,2026-09-12 19:45:00
EQ0071,Operating Microscope,OT001,READY,OK,2026-08-28,2026-09-12 21:45:00
EQ0072,Surgical Diathermy,OT004,READY,OK,2026-08-28,2026-09-12 07:45:00
EQ0073,Surgical Table,OT002,READY,OK,2026-08-28,2026-09-12 09:45:00
EQ0074,Anesthesia Workstation,OT002,READY,OK,2026-08-28,2026-09-12 11:45:00
EQ0075,Laparoscopic Tower,OT008,READY,OK,2026-08-28,2026-09-12 13:45:00
EQ0076,Surgical Table,OT008,MAINTENANCE,REQUIRED,2026-08-28,2026-09-12 14:45:00
EQ0077,Anesthesia Workstation,OT005,READY,OK,2026-08-28,2026-09-12 17:45:00
EQ0078,Anesthesia Workstation,OT005,READY,OK,2026-08-28,2026-09-12 19:45:00
EQ0079,Laparoscopic Tower,OT006,READY,OK,2026-08-28,2026-09-12 21:45:00
EQ0080,Operating Microscope,OT008,READY,OK,2026-08-28,2026-09-12 07:45:00
EQ0081,C-Arm Fluoroscopy,OT002,READY,OK,2026-08-28,2026-09-12 09:45:00
EQ0082,Patient Monitor,OT008,READY,OK,2026-08-28,2026-09-12 11:45:00
EQ0083,C-Arm Fluoroscopy,OT004,READY,OK,2026-08-28,2026-09-12 13:45:00
EQ0084,Surgical Diathermy,OT001,READY,OK,2026-08-28,2026-09-12 15:45:00
EQ0085,Surgical Table,OT007,READY,OK,2026-08-28,2026-09-12 17:45:00
EQ0086,Surgical Diathermy,OT001,READY,OK,2026-08-28,2026-09-12 19:45:00
EQ0087,C-Arm Fluoroscopy,OT002,READY,OK,2026-08-28,2026-09-12 21:45:00
EQ0088,Heart-Lung Machine,OT004,READY,OK,2026-08-28,2026-09-12 07:45:00
EQ0089,Operating Microscope,OT005,READY,OK,2026-08-28,2026-09-12 09:45:00
EQ0090,C-Arm Fluoroscopy,OT006,READY,OK,2026-08-28,2026-09-12 11:45:00
EQ0091,Laparoscopic Tower,OT006,READY,OK,2026-08-28,2026-09-12 13:45:00
EQ0092,Operating Microscope,OT006,READY,OK,2026-08-28,2026-09-12 15:45:00
EQ0093,C-Arm Fluoroscopy,OT007,READY,OK,2026-08-28,2026-09-12 17:45:00
EQ0094,C-Arm Fluoroscopy,OT005,READY,OK,2026-08-28,2026-09-12 19:45:00
EQ0095,Anesthesia Workstation,OT005,READY,OK,2026-08-28,2026-09-12 21:45:00
EQ0096,Anesthesia Workstation,OT008,READY,OK,2026-08-28,2026-09-12 07:45:00
EQ0097,Heart-Lung Machine,OT008,READY,OK,2026-08-29,2026-09-13 09:45:00
EQ0098,Laparoscopic Tower,OT003,READY,OK,2026-08-29,2026-09-13 11:45:00
EQ0099,C-Arm Fluoroscopy,OT006,READY,OK,2026-08-29,2026-09-13 13:45:00
EQ0100,Heart-Lung Machine,OT003,READY,OK,2026-08-29,2026-09-13 15:45:00
EQ0101,Surgical Table,OT003,READY,OK,2026-08-29,2026-09-13 17:45:00
EQ0102,Patient Monitor,OT008,READY,OK,2026-08-29,2026-09-13 19:45:00
EQ0103,Surgical Table,OT006,READY,OK,2026-08-29,2026-09-13 21:45:00
EQ0104,Operating Microscope,OT003,READY,OK,2026-08-29,2026-09-13 07:45:00
EQ0105,Surgical Diathermy,OT005,MAINTENANCE,REQUIRED,2026-08-29,2026-09-13 09:45:00
EQ0106,Surgical Diathermy,OT002,READY,OK,2026-08-29,2026-09-13 11:45:00
EQ0107,Surgical Diathermy,OT003,READY,OK,2026-08-29,2026-09-13 13:45:00
EQ0108,Laparoscopic Tower,OT003,READY,OK,2026-08-29,2026-09-13 15:45:00
EQ0109,Surgical Diathermy,OT008,READY,OK,2026-08-29,2026-09-13 17:45:00
EQ0110,Surgical Table,OT005,READY,OK,2026-08-29,2026-09-13 19:45:00
EQ0111,Patient Monitor,OT003,READY,OK,2026-08-29,2026-09-13 21:45:00
EQ0112,Surgical Diathermy,OT007,READY,OK,2026-08-29,2026-09-13 07:45:00
EQ0113,Surgical Table,OT008,READY,OK,2026-08-29,2026-09-13 09:45:00
EQ0114,Patient Monitor,OT002,READY,OK,2026-08-29,2026-09-13 11:45:00
EQ0115,Heart-Lung Machine,OT007,READY,OK,2026-08-29,2026-09-13 13:45:00
EQ0116,Surgical Diathermy,OT005,READY,OK,2026-08-29,2026-09-13 15:45:00
EQ0117,Surgical Table,OT008,READY,OK,2026-08-29,2026-09-13 17:45:00
EQ0118,Operating Microscope,OT005,READY,OK,2026-08-29,2026-09-13 19:45:00
EQ0119,Operating Microscope,OT008,READY,OK,2026-08-29,2026-09-13 21:45:00
EQ0120,Heart-Lung Machine,OT003,MAINTENANCE,REQUIRED,2026-08-29,2026-09-13 06:45:00
EQ0121,Anesthesia Workstation,OT007,READY,OK,2026-08-29,2026-09-13 09:45:00
EQ0122,C-Arm Fluoroscopy,OT003,READY,OK,2026-08-29,2026-09-13 11:45:00
EQ0123,C-Arm Fluoroscopy,OT003,READY,OK,2026-08-29,2026-09-13 13:45:00
EQ0124,Surgical Table,OT005,READY,OK,2026-08-29,2026-09-13 15:45:00
EQ0125,Patient Monitor,OT003,READY,OK,2026-08-29,2026-09-13 17:45:00
EQ0126,C-Arm Fluoroscopy,OT002,READY,OK,2026-08-29,2026-09-13 19:45:00
EQ0127,Surgical Table,OT005,READY,OK,2026-08-29,2026-09-13 21:45:00
EQ0128,Heart-Lung Machine,OT006,READY,OK,2026-08-29,2026-09-13 07:45:00
EQ0129,Anesthesia Workstation,OT004,READY,OK,2026-08-30,2026-09-14 09:45:00
EQ0130,Patient Monitor,OT002,READY,OK,2026-08-30,2026-09-14 11:45:00
EQ0131,Heart-Lung Machine,OT007,READY,OK,2026-08-30,2026-09-14 13:45:00
EQ0132,C-Arm Fluoroscopy,OT003,READY,OK,2026-08-30,2026-09-14 15:45:00
EQ0133,Surgical Table,OT005,READY,OK,2026-08-30,2026-09-14 17:45:00
EQ0134,Laparoscopic Tower,OT008,READY,OK,2026-08-30,2026-09-14 19:45:00
EQ0135,Anesthesia Workstation,OT008,READY,OK,2026-08-30,2026-09-14 21:45:00
EQ0136,Heart-Lung Machine,OT004,READY,OK,2026-08-30,2026-09-14 07:45:00
EQ0137,Surgical Table,OT006,READY,OK,2026-08-30,2026-09-14 09:45:00
EQ0138,Laparoscopic Tower,OT008,READY,OK,2026-08-30,2026-09-14 11:45:00
EQ0139,Anesthesia Workstation,OT008,READY,OK,2026-08-30,2026-09-14 13:45:00
EQ0140,Heart-Lung Machine,OT008,READY,OK,2026-08-30,2026-09-14 15:45:00
EQ0141,Operating Microscope,OT007,READY,OK,2026-08-30,2026-09-14 17:45:00
EQ0142,Laparoscopic Tower,OT006,READY,OK,2026-08-30,2026-09-14 19:45:00
EQ0143,C-Arm Fluoroscopy,OT004,READY,OK,2026-08-30,2026-09-14 21:45:00
EQ0144,Patient Monitor,OT007,READY,OK,2026-08-30,2026-09-14 07:45:00
EQ0145,Surgical Diathermy,OT004,READY,OK,2026-08-30,2026-09-14 09:45:00
EQ0146,Patient Monitor,OT001,READY,OK,2026-08-30,2026-09-14 11:45:00
EQ0147,Anesthesia Workstation,OT001,READY,OK,2026-08-30,2026-09-14 13:45:00
EQ0148,Heart-Lung Machine,OT005,READY,OK,2026-08-30,2026-09-14 15:45:00
EQ0149,Surgical Diathermy,OT003,READY,OK,2026-08-30,2026-09-14 17:45:00
EQ0150,C-Arm Fluoroscopy,OT003,READY,OK,2026-08-30,2026-09-14 19:45:00
EQ0151,Surgical Diathermy,OT008,READY,OK,2026-08-30,2026-09-14 21:45:00
EQ0152,C-Arm Fluoroscopy,OT008,READY,OK,2026-08-30,2026-09-14 07:45:00
EQ0153,C-Arm Fluoroscopy,OT002,READY,OK,2026-08-30,2026-09-14 09:45:00
EQ0154,Laparoscopic Tower,OT008,READY,OK,2026-08-30,2026-09-14 11:45:00
EQ0155,Operating Microscope,OT001,READY,OK,2026-08-30,2026-09-14 13:45:00
EQ0156,Heart-Lung Machine,OT003,READY,OK,2026-08-30,2026-09-14 15:45:00
EQ0157,Heart-Lung Machine,OT002,READY,OK,2026-08-30,2026-09-14 17:45:00
EQ0158,Anesthesia Workstation,OT003,READY,OK,2026-08-30,2026-09-14 19:45:00
EQ0159,Heart-Lung Machine,OT008,READY,OK,2026-08-30,2026-09-14 21:45:00
EQ0160,Operating Microscope,OT006,READY,OK,2026-08-30,2026-09-14 07:45:00
EQ0161,Surgical Diathermy,OT008,READY,OK,2026-08-31,2026-09-15 09:45:00
EQ0162,Operating Microscope,OT008,READY,OK,2026-08-31,2026-09-15 11:45:00
EQ0163,Operating Microscope,OT004,READY,OK,2026-08-31,2026-09-15 13:45:00
EQ0164,Patient Monitor,OT001,READY,OK,2026-08-31,2026-09-15 15:45:00
EQ0165,Surgical Table,OT004,READY,OK,2026-08-31,2026-09-15 17:45:00
EQ0166,Heart-Lung Machine,OT006,READY,OK,2026-08-31,2026-09-15 19:45:00
EQ0167,Patient Monitor,OT006,READY,OK,2026-08-31,2026-09-15 21:45:00
EQ0168,Surgical Diathermy,OT006,READY,OK,2026-08-31,2026-09-15 07:45:00
EQ0169,Surgical Diathermy,OT006,READY,OK,2026-08-31,2026-09-15 09:45:00
EQ0170,Laparoscopic Tower,OT004,FAULTY,REQUIRED,2026-08-31,2026-09-15 10:45:00
EQ0171,Operating Microscope,OT005,READY,OK,2026-08-31,2026-09-15 13:45:00
EQ0172,Operating Microscope,OT002,READY,OK,2026-08-31,2026-09-15 15:45:00
EQ0173,Patient Monitor,OT007,READY,OK,2026-08-31,2026-09-15 17:45:00
EQ0174,Surgical Diathermy,OT004,READY,OK,2026-08-31,2026-09-15 19:45:00
EQ0175,Anesthesia Workstation,OT007,READY,OK,2026-08-31,2026-09-15 21:45:00
EQ0176,Patient Monitor,OT002,READY,OK,2026-08-31,2026-09-15 07:45:00
EQ0177,Laparoscopic Tower,OT006,READY,OK,2026-08-31,2026-09-15 09:45:00
EQ0178,Operating Microscope,OT003,READY,OK,2026-08-31,2026-09-15 11:45:00
EQ0179,Operating Microscope,OT008,READY,OK,2026-08-31,2026-09-15 13:45:00
EQ0180,C-Arm Fluoroscopy,OT002,MAINTENANCE,REQUIRED,2026-08-31,2026-09-15 15:45:00
EQ0181,Operating Microscope,OT006,READY,OK,2026-08-31,2026-09-15 17:45:00
EQ0182,Surgical Diathermy,OT006,READY,OK,2026-08-31,2026-09-15 19:45:00
EQ0183,C-Arm Fluoroscopy,OT007,READY,OK,2026-08-31,2026-09-15 21:45:00
EQ0184,Surgical Diathermy,OT004,READY,OK,2026-08-31,2026-09-15 07:45:00
EQ0185,Anesthesia Workstation,OT005,READY,OK,2026-08-31,2026-09-15 09:45:00
EQ0186,C-Arm Fluoroscopy,OT006,READY,OK,2026-08-31,2026-09-15 11:45:00
EQ0187,Heart-Lung Machine,OT001,READY,OK,2026-08-31,2026-09-15 13:45:00
EQ0188,Surgical Table,OT001,READY,OK,2026-08-31,2026-09-15 15:45:00
EQ0189,Patient Monitor,OT004,UNKNOWN,REQUIRED,2026-08-31,2026-09-15 17:45:00
EQ0190,Operating Microscope,OT003,READY,OK,2026-08-31,2026-09-15 19:45:00
EQ0191,Surgical Diathermy,OT001,READY,OK,2026-08-31,2026-09-15 21:45:00
EQ0192,Heart-Lung Machine,OT006,READY,OK,2026-08-31,2026-09-15 07:45:00
EQ0193,Surgical Diathermy,OT008,READY,OK,2026-09-01,2026-09-16 09:45:00
EQ0194,Surgical Table,OT006,READY,OK,2026-09-01,2026-09-16 11:45:00
EQ0195,Operating Microscope,OT005,READY,OK,2026-09-01,2026-09-16 13:45:00
EQ0196,Laparoscopic Tower,OT008,READY,OK,2026-09-01,2026-09-16 15:45:00
EQ0197,Anesthesia Workstation,OT001,READY,OK,2026-09-01,2026-09-16 17:45:00
EQ0198,C-Arm Fluoroscopy,OT008,READY,OK,2026-09-01,2026-09-16 19:45:00
EQ0199,Anesthesia Workstation,OT008,READY,OK,2026-09-01,2026-09-16 21:45:00
EQ0200,Anesthesia Workstation,OT006,READY,OK,2026-09-01,2026-09-16 07:45:00
EQ0201,C-Arm Fluoroscopy,OT005,READY,OK,2026-09-01,2026-09-16 09:45:00
EQ0202,Operating Microscope,OT007,READY,OK,2026-09-01,2026-09-16 11:45:00
EQ0203,Anesthesia Workstation,OT004,FAULTY,REQUIRED,2026-09-01,2026-09-16 13:45:00
EQ0204,Surgical Diathermy,OT002,READY,OK,2026-09-01,2026-09-16 15:45:00
EQ0205,Surgical Diathermy,OT001,READY,OK,2026-09-01,2026-09-16 17:45:00
EQ0206,Operating Microscope,OT004,READY,OK,2026-09-01,2026-09-16 19:45:00
EQ0207,Anesthesia Workstation,OT002,READY,OK,2026-09-01,2026-09-16 21:45:00
EQ0208,Surgical Diathermy,OT003,READY,OK,2026-09-01,2026-09-16 07:45:00
EQ0209,Operating Microscope,OT002,READY,OK,2026-09-01,2026-09-16 09:45:00
EQ0210,Surgical Diathermy,OT005,READY,OK,2026-09-01,2026-09-16 11:45:00
EQ0211,Patient Monitor,OT007,READY,OK,2026-09-01,2026-09-16 13:45:00
EQ0212,Patient Monitor,OT001,READY,OK,2026-09-01,2026-09-16 15:45:00
EQ0213,C-Arm Fluoroscopy,OT003,READY,OK,2026-09-01,2026-09-16 17:45:00
EQ0214,Surgical Diathermy,OT007,READY,OK,2026-09-01,2026-09-16 19:45:00
EQ0215,C-Arm Fluoroscopy,OT008,READY,OK,2026-09-01,2026-09-16 21:45:00
EQ0216,C-Arm Fluoroscopy,OT005,READY,OK,2026-09-01,2026-09-16 07:45:00
EQ0217,Surgical Diathermy,OT002,READY,OK,2026-09-01,2026-09-16 09:45:00
EQ0218,Anesthesia Workstation,OT003,READY,OK,2026-09-01,2026-09-16 11:45:00
EQ0219,Laparoscopic Tower,OT003,READY,OK,2026-09-01,2026-09-16 13:45:00
EQ0220,Patient Monitor,OT004,READY,OK,2026-09-01,2026-09-16 15:45:00
EQ0221,Surgical Table,OT006,READY,OK,2026-09-01,2026-09-16 17:45:00
EQ0222,Operating Microscope,OT001,READY,OK,2026-09-01,2026-09-16 19:45:00
EQ0223,Surgical Diathermy,OT002,READY,OK,2026-09-01,2026-09-16 21:45:00
EQ0224,Laparoscopic Tower,OT002,READY,OK,2026-09-01,2026-09-16 07:45:00
EQ0225,Operating Microscope,OT008,READY,OK,2026-09-02,2026-09-17 09:45:00
EQ0226,Patient Monitor,OT001,READY,OK,2026-09-02,2026-09-17 11:45:00
EQ0227,Surgical Table,OT003,READY,OK,2026-09-02,2026-09-17 13:45:00
EQ0228,Heart-Lung Machine,OT003,READY,OK,2026-09-02,2026-09-17 15:45:00
EQ0229,Surgical Table,OT004,READY,OK,2026-09-02,2026-09-17 17:45:00
EQ0230,Surgical Table,OT001,READY,OK,2026-09-02,2026-09-17 19:45:00
EQ0231,Patient Monitor,OT008,UNKNOWN,REQUIRED,2026-09-02,2026-09-17 21:45:00
EQ0232,Heart-Lung Machine,OT005,READY,OK,2026-09-02,2026-09-17 07:45:00
EQ0233,Anesthesia Workstation,OT001,READY,OK,2026-09-02,2026-09-17 09:45:00
EQ0234,Anesthesia Workstation,OT004,READY,OK,2026-09-02,2026-09-17 11:45:00
EQ0235,Laparoscopic Tower,OT001,READY,OK,2026-09-02,2026-09-17 13:45:00
EQ0236,Operating Microscope,OT006,READY,OK,2026-09-02,2026-09-17 15:45:00
EQ0237,Surgical Table,OT005,READY,OK,2026-09-02,2026-09-17 17:45:00
EQ0238,Laparoscopic Tower,OT003,READY,OK,2026-09-02,2026-09-17 19:45:00
EQ0239,Surgical Diathermy,OT004,READY,OK,2026-09-02,2026-09-17 21:45:00
EQ0240,Anesthesia Workstation,OT007,READY,OK,2026-09-02,2026-09-17 07:45:00
EQ0241,C-Arm Fluoroscopy,OT005,READY,OK,2026-09-02,2026-09-17 09:45:00
EQ0242,Patient Monitor,OT006,READY,OK,2026-09-02,2026-09-17 11:45:00
EQ0243,Surgical Table,OT004,READY,OK,2026-09-02,2026-09-17 13:45:00
EQ0244,Operating Microscope,OT004,READY,OK,2026-09-02,2026-09-17 15:45:00
EQ0245,C-Arm Fluoroscopy,OT003,MAINTENANCE,REQUIRED,2026-09-02,2026-09-17 17:45:00
EQ0246,Anesthesia Workstation,OT006,READY,OK,2026-09-02,2026-09-17 19:45:00
EQ0247,C-Arm Fluoroscopy,OT003,READY,OK,2026-09-02,2026-09-17 21:45:00
EQ0248,Operating Microscope,OT007,READY,OK,2026-09-02,2026-09-17 07:45:00
EQ0249,Surgical Table,OT003,READY,OK,2026-09-02,2026-09-17 09:45:00
EQ0250,Surgical Table,OT008,READY,OK,2026-09-02,2026-09-17 11:45:00
EQ0251,Surgical Diathermy,OT005,READY,OK,2026-09-02,2026-09-17 13:45:00
EQ0252,Heart-Lung Machine,OT005,READY,OK,2026-09-02,2026-09-17 15:45:00
EQ0253,Anesthesia Workstation,OT001,READY,OK,2026-09-02,2026-09-17 17:45:00
EQ0254,Anesthesia Workstation,OT004,READY,OK,2026-09-02,2026-09-17 19:45:00
EQ0255,Laparoscopic Tower,OT004,READY,OK,2026-09-02,2026-09-17 21:45:00
EQ0256,Anesthesia Workstation,OT001,READY,OK,2026-09-02,2026-09-17 07:45:00
EQ0257,Operating Microscope,OT001,READY,OK,2026-09-03,2026-09-18 09:45:00
EQ0258,C-Arm Fluoroscopy,OT006,READY,OK,2026-09-03,2026-09-18 11:45:00
EQ0259,Anesthesia Workstation,OT008,READY,OK,2026-09-03,2026-09-18 13:45:00
EQ0260,Patient Monitor,OT007,READY,OK,2026-09-03,2026-09-18 15:45:00
EQ0261,Laparoscopic Tower,OT006,READY,OK,2026-09-03,2026-09-18 17:45:00
EQ0262,Surgical Table,OT003,READY,OK,2026-09-03,2026-09-18 19:45:00
EQ0263,Operating Microscope,OT002,READY,OK,2026-09-03,2026-09-18 21:45:00
EQ0264,Heart-Lung Machine,OT001,READY,OK,2026-09-03,2026-09-18 07:45:00
EQ0265,Operating Microscope,OT003,READY,OK,2026-09-03,2026-09-18 09:45:00
EQ0266,Anesthesia Workstation,OT007,READY,OK,2026-09-03,2026-09-18 11:45:00
EQ0267,Surgical Table,OT001,READY,OK,2026-09-03,2026-09-18 13:45:00
EQ0268,Patient Monitor,OT006,READY,OK,2026-09-03,2026-09-18 15:45:00
EQ0269,Anesthesia Workstation,OT004,READY,OK,2026-09-03,2026-09-18 17:45:00
EQ0270,Surgical Diathermy,OT001,READY,OK,2026-09-03,2026-09-18 19:45:00
EQ0271,C-Arm Fluoroscopy,OT004,READY,OK,2026-09-03,2026-09-18 21:45:00
EQ0272,Patient Monitor,OT002,READY,OK,2026-09-03,2026-09-18 07:45:00
EQ0273,Laparoscopic Tower,OT008,READY,OK,2026-09-03,2026-09-18 09:45:00
EQ0274,C-Arm Fluoroscopy,OT005,READY,OK,2026-09-03,2026-09-18 11:45:00
EQ0275,C-Arm Fluoroscopy,OT001,READY,OK,2026-09-03,2026-09-18 13:45:00
EQ0276,Surgical Diathermy,OT007,READY,OK,2026-09-03,2026-09-18 15:45:00
EQ0277,Surgical Table,OT002,READY,OK,2026-09-03,2026-09-18 17:45:00
EQ0278,Operating Microscope,OT002,READY,OK,2026-09-03,2026-09-18 19:45:00
EQ0279,Patient Monitor,OT003,READY,OK,2026-09-03,2026-09-18 21:45:00
EQ0280,Surgical Table,OT006,READY,OK,2026-09-03,2026-09-18 07:45:00
EQ0281,Anesthesia Workstation,OT006,READY,OK,2026-09-03,2026-09-18 09:45:00
EQ0282,Anesthesia Workstation,OT004,READY,OK,2026-09-03,2026-09-18 11:45:00
EQ0283,C-Arm Fluoroscopy,OT006,READY,OK,2026-09-03,2026-09-18 13:45:00
EQ0284,Operating Microscope,OT005,READY,OK,2026-09-03,2026-09-18 15:45:00
EQ0285,Surgical Diathermy,OT001,READY,OK,2026-09-03,2026-09-18 17:45:00
EQ0286,Heart-Lung Machine,OT003,READY,OK,2026-09-03,2026-09-18 19:45:00
EQ0287,Heart-Lung Machine,OT005,READY,OK,2026-09-03,2026-09-18 21:45:00
EQ0288,Anesthesia Workstation,OT003,READY,OK,2026-09-03,2026-09-18 07:45:00
EQ0289,Patient Monitor,OT007,UNKNOWN,REQUIRED,2026-09-04,2026-09-19 09:45:00
EQ0290,Patient Monitor,OT007,READY,OK,2026-09-04,2026-09-19 11:45:00
EQ0291,Surgical Diathermy,OT008,READY,OK,2026-09-04,2026-09-19 13:45:00
EQ0292,Surgical Table,OT003,READY,OK,2026-09-04,2026-09-19 15:45:00
EQ0293,Surgical Diathermy,OT003,READY,OK,2026-09-04,2026-09-19 17:45:00
EQ0294,Heart-Lung Machine,OT002,READY,OK,2026-09-04,2026-09-19 19:45:00
EQ0295,Anesthesia Workstation,OT005,READY,OK,2026-09-04,2026-09-19 21:45:00
EQ0296,Surgical Diathermy,OT006,READY,OK,2026-09-04,2026-09-19 07:45:00
EQ0297,Anesthesia Workstation,OT001,READY,OK,2026-09-04,2026-09-19 09:45:00
EQ0298,Heart-Lung Machine,OT008,READY,OK,2026-09-04,2026-09-19 11:45:00
EQ0299,C-Arm Fluoroscopy,OT001,READY,OK,2026-09-04,2026-09-19 13:45:00
EQ0300,Laparoscopic Tower,OT005,READY,OK,2026-09-04,2026-09-19 15:45:00
EQ0301,Laparoscopic Tower,OT003,READY,OK,2026-09-04,2026-09-19 17:45:00
EQ0302,C-Arm Fluoroscopy,OT004,READY,OK,2026-09-04,2026-09-19 19:45:00
EQ0303,Patient Monitor,OT003,FAULTY,REQUIRED,2026-09-04,2026-09-19 20:45:00
EQ0304,Anesthesia Workstation,OT006,READY,OK,2026-09-04,2026-09-19 07:45:00
EQ0305,C-Arm Fluoroscopy,OT006,READY,OK,2026-09-04,2026-09-19 09:45:00
EQ0306,Anesthesia Workstation,OT005,READY,OK,2026-09-04,2026-09-19 11:45:00
EQ0307,Anesthesia Workstation,OT005,READY,OK,2026-09-04,2026-09-19 13:45:00
EQ0308,Patient Monitor,OT004,READY,OK,2026-09-04,2026-09-19 15:45:00
EQ0309,Anesthesia Workstation,OT002,READY,OK,2026-09-04,2026-09-19 17:45:00
EQ0310,Operating Microscope,OT006,READY,OK,2026-09-04,2026-09-19 19:45:00
EQ0311,C-Arm Fluoroscopy,OT004,READY,OK,2026-09-04,2026-09-19 21:45:00
EQ0312,Surgical Table,OT005,READY,OK,2026-09-04,2026-09-19 07:45:00
EQ0313,Operating Microscope,OT008,READY,OK,2026-09-04,2026-09-19 09:45:00
EQ0314,Surgical Diathermy,OT001,READY,OK,2026-09-04,2026-09-19 11:45:00
EQ0315,Anesthesia Workstation,OT005,READY,OK,2026-09-04,2026-09-19 13:45:00
EQ0316,Anesthesia Workstation,OT004,READY,OK,2026-09-04,2026-09-19 15:45:00
EQ0317,Operating Microscope,OT007,READY,OK,2026-09-04,2026-09-19 17:45:00
EQ0318,Anesthesia Workstation,OT003,READY,OK,2026-09-04,2026-09-19 19:45:00
EQ0319,Laparoscopic Tower,OT002,READY,OK,2026-09-04,2026-09-19 21:45:00
EQ0320,Heart-Lung Machine,OT005,READY,OK,2026-09-04,2026-09-19 07:45:00
