patient_id,surgery_id,consent_complete,fasting_complete,preoperative_assessment,vitals_status,blood_available,patient_ready,last_updated
PAT001,SURG001,True,True,CLEAR,NORMAL,CONFIRMED,True,2026-09-10 09:40:00
PAT002,SURG002,True,True,CLEAR,NORMAL,CONFIRMED,True,2026-09-10 11:40:00
PAT003,SURG003,True,True,CLEAR,NORMAL,CONFIRMED,True,2026-09-10 13:40:00
PAT004,SURG004,True,True,CLEAR,NORMAL,CONFIRMED,True,2026-09-10 15:40:00
PAT005,SURG005,True,True,CLEAR,NORMAL,CONFIRMED,True,2026-09-10 17:40:00
PAT006,SURG006,True,True,CLEAR,NORMAL,CONFIRMED,True,2026-09-10 19:40:00
PAT007,SURG007,True,True,CLEAR,NORMAL,CONFIRMED,True,2026-09-10 21:40:00
PAT008,SURG008,True,True,CLEAR,NORMAL,CONFIRMED,True,2026-09-10 07:40:00
PAT009,SURG009,True,True,CLEAR,NORMAL,CONFIRMED,True,2026-09-10 09:40:00
PAT010,SURG010,True,True,CLEAR,NORMAL,CONFIRMED,True,2026-09-10 11:40:00
PAT011,SURG011,True,True,CLEAR,NORMAL,CONFIRMED,True,2026-09-10 13:40:00
PAT012,SURG012,True,True,CLEAR,NORMAL,CONFIRMED,True,2026-09-10 15:40:00
PAT013,SURG013,True,True,CLEAR,NORMAL,CONFIRMED,True,2026-09-10 17:40:00
PAT014,SURG014,True,True,CLEAR,NORMAL,CONFIRMED,True,2026-09-10 19:40:00
PAT015,SURG015,True,True,CLEAR,NORMAL,CONFIRMED,True,2026-09-10 21:40:00
PAT016,SURG016,True,True,CLEAR,NORMAL,CONFIRMED,True,2026-09-10 07:40:00
PAT017,SURG017,True,True,CLEAR,NORMAL,CONFIRMED,True,2026-09-10 09:40:00
PAT018,SURG018,True,True,CLEAR,NORMAL,CONFIRMED,True,2026-09-10 11:40:00
PAT019,SURG019,True,True,CLEAR,NORMAL,CONFIRMED,True,2026-09-10 13:40:00
PAT020,SURG020,True,True,CLEAR,NORMAL,CONFIRMED,True,2026-09-10 15:40:00
PAT021,SURG021,True,True,CLEAR,NORMAL,CONFIRMED,True,2026-09-10 17:40:00
PAT022,SURG022,True,True,CLEAR,NORMAL,CONFIRMED,True,2026-09-10 19:40:00
PAT023,SURG023,True,True,CLEAR,NORMAL,CONFIRMED,True,2026-09-10 21:40:00
PAT024,SURG024,True,True,CLEAR,NORMAL,CONFIRMED,True,2026-09-10 07:40:00
PAT025,SURG025,True,True,CLEAR,NORMAL,CONFIRMED,True,2026-09-10 09:40:00
PAT026,SURG026,True,True,CLEAR,NORMAL,CONFIRMED,True,2026-09-10 11:40:00
PAT027,SURG027,True,True,CLEAR,NORMAL,CONFIRMED,True,2026-09-10 13:40:00
PAT028,SURG028,True,True,CLEAR,NORMAL,CONFIRMED,True,2026-09-10 15:40:00
PAT029,SURG029,True,True,CLEAR,NORMAL,CONFIRMED,True,2026-09-10 17:40:00
PAT030,SURG030,True,True,CLEAR,NORMAL,CONFIRMED,True,2026-09-10 19:40:00
PAT031,SURG031,True,True,CLEAR,NORMAL,CONFIRMED,True,2026-09-10 21:40:00
PAT032,SURG032,True,True,CLEAR,NORMAL,CONFIRMED,True,2026-09-10 07:40:00
PAT033,SURG033,True,True,CLEAR,NORMAL,CONFIRMED,True,2026-09-11 09:40:00
PAT034,SURG034,True,True,CLEAR,NORMAL,CONFIRMED,True,2026-09-11 11:40:00
PAT035,SURG035,True,True,CLEAR,NORMAL,CONFIRMED,True,2026-09-11 13:40:00
PAT036,SURG036,True,True,CLEAR,NORMAL,CONFIRMED,True,2026-09-11 15:40:00
PAT037,SURG037,True,True,CLEAR,NORMAL,CONFIRMED,True,2026-09-11 17:40:00
PAT038,SURG038,True,True,CLEAR,NORMAL,CONFIRMED,True,2026-09-11 19:40:00
PAT039,SURG039,True,True,CLEAR,NORMAL,CONFIRMED,True,2026-09-11 21:40:00
PAT040,SURG040,True,True,CLEAR,NORMAL,CONFIRMED,True,2026-09-11 07:40:00
PAT041,SURG041,True,True,CLEAR,NORMAL,CONFIRMED,True,2026-09-11 09:40:00
PAT042,SURG042,True,True,CLEAR,NORMAL,CONFIRMED,True,2026-09-11 11:40:00
PAT043,SURG043,True,True,CLEAR,NORMAL,CONFIRMED,True,2026-09-11 13:40:00
PAT044,SURG044,True,True,CLEAR,NORMAL,CONFIRMED,True,2026-09-11 15:40:00
PAT045,SURG045,True,True,CLEAR,NORMAL,CONFIRMED,True,2026-09-11 17:40:00
PAT046,SURG046,True,True,CLEAR,NORMAL,CONFIRMED,True,2026-09-11 19:40:00
PAT047,SURG047,True,True,CLEAR,NORMAL,CONFIRMED,True,2026-09-11 21:40:00
PAT048,SURG048,True,True,CLEAR,NORMAL,CONFIRMED,True,2026-09-11 07:40:00
PAT049,SURG049,True,True,CLEAR,NORMAL,CONFIRMED,True,2026-09-11 09:40:00
PAT050,SURG050,True,True,CLEAR,NORMAL,CONFIRMED,True,2026-09-11 11:40:00
PAT051,SURG051,True,True,CLEAR,NORMAL,CONFIRMED,True,2026-09-11 13:40:00
PAT052,SURG052,True,True,CLEAR,NORMAL,CONFIRMED,True,2026-09-11 15:40:00
PAT053,SURG053,True,True,CLEAR,NORMAL,CONFIRMED,True,2026-09-11 17:40:00
PAT054,SURG054,True,True,CLEAR,NORMAL,CONFIRMED,True,2026-09-11 19:40:00
PAT055,SURG055,True,True,CLEAR,NORMAL,CONFIRMED,True,2026-09-11 21:40:00
PAT056,SURG056,True,True,CLEAR,NORMAL,CONFIRMED,True,2026-09-11 07:40:00
PAT057,SURG057,True,True,CLEAR,NORMAL,CONFIRMED,True,2026-09-11 09:40:00
PAT058,SURG058,True,True,CLEAR,NORMAL,CONFIRMED,True,2026-09-11 11:40:00
PAT059,SURG059,True,True,CLEAR,NORMAL,CONFIRMED,True,2026-09-11 13:40:00
PAT060,SURG060,True,True,CLEAR,NORMAL,CONFIRMED,True,2026-09-11 15:40:00
PAT061,SURG061,True,True,CLEAR,NORMAL,CONFIRMED,True,2026-09-11 17:40:00
PAT062,SURG062,True,True,CLEAR,NORMAL,CONFIRMED,True,2026-09-11 19:40:00
PAT063,SURG063,True,True,CLEAR,NORMAL,CONFIRMED,True,2026-09-11 21:40:00
PAT064,SURG064,True,True,CLEAR,NORMAL,CONFIRMED,True,2026-09-11 07:40:00
PAT065,SURG065,True,True,CLEAR,NORMAL,CONFIRMED,True,2026-09-12 09:40:00
PAT066,SURG066,True,True,CLEAR,NORMAL,CONFIRMED,True,2026-09-12 11:40:00
PAT067,SURG067,True,True,CLEAR,NORMAL,CONFIRMED,True,2026-09-12 13:40:00
PAT068,SURG068,True,True,CLEAR,NORMAL,CONFIRMED,True,2026-09-12 15:40:00
PAT069,SURG069,True,True,CLEAR,NORMAL,CONFIRMED,True,2026-09-12 17:40:00
PAT070,SURG070,True,True,CLEAR,NORMAL,CONFIRMED,True,2026-09-12 19:40:00
PAT071,SURG071,True,True,CLEAR,NORMAL,CONFIRMED,True,2026-09-12 21:40:00
PAT072,SURG072,True,True,CLEAR,NORMAL,CONFIRMED,True,2026-09-12 07:40:00
PAT073,SURG073,True,True,CLEAR,NORMAL,CONFIRMED,True,2026-09-12 09:40:00
PAT074,SURG074,True,True,CLEAR,NORMAL,CONFIRMED,True,2026-09-12 11:40:00
PAT075,SURG075,True,True,CLEAR,NORMAL,CONFIRMED,True,2026-09-12 13:40:00
PAT076,SURG076,True,True,CLEAR,NORMAL,CONFIRMED,True,2026-09-12 15:40:00
PAT077,SURG077,True,True,CLEAR,NORMAL,CONFIRMED,True,2026-09-12 17:40:00
PAT078,SURG078,True,True,CLEAR,NORMAL,CONFIRMED,True,2026-09-12 19:40:00
PAT079,SURG079,True,True,CLEAR,NORMAL,CONFIRMED,True,2026-09-12 21:40:00
PAT080,SURG080,True,True,CLEAR,NORMAL,CONFIRMED,True,2026-09-12 07:40:00
PAT081,SURG081,True,True,CLEAR,NORMAL,CONFIRMED,True,2026-09-12 09:40:00
PAT082,SURG082,True,True,CLEAR,NORMAL,CONFIRMED,True,2026-09-12 11:40:00
PAT083,SURG083,True,True,CLEAR,NORMAL,CONFIRMED,True,2026-09-12 13:40:00
PAT084,SURG084,True,True,CLEAR,NORMAL,CONFIRMED,True,2026-09-12 15:40:00
PAT085,SURG085,True,True,CLEAR,NORMAL,CONFIRMED,True,2026-09-12 17:40:00
PAT086,SURG086,True,True,CLEAR,NORMAL,CONFIRMED,True,2026-09-12 19:40:00
PAT087,SURG087,True,True,CLEAR,NORMAL,CONFIRMED,True,2026-09-12 21:40:00
PAT088,SURG088,True,True,CLEAR,NORMAL,CONFIRMED,True,2026-09-12 07:40:00
PAT089,SURG089,False,True,CLEAR,NORMAL,CONFIRMED,False,2026-09-12 09:40:00
PAT090,SURG090,True,True,CLEAR,NORMAL,CONFIRMED,True,2026-09-12 11:40:00
PAT091,SURG091,True,True,CLEAR,NORMAL,CONFIRMED,True,2026-09-12 13:40:00
PAT092,SURG092,True,True,CLEAR,NORMAL,CONFIRMED,True,2026-09-12 15:40:00
PAT093,SURG093,True,True,CLEAR,NORMAL,CONFIRMED,True,2026-09-12 17:40:00
PAT094,SURG094,True,True,CLEAR,NORMAL,CONFIRMED,True,2026-09-12 19:40:00
PAT095,SURG095,True,False,CLEAR,ELEVATED_BP,CONFIRMED,False,2026-09-12 21:40:00
PAT096,SURG096,True,True,CLEAR,NORMAL,CONFIRMED,True,2026-09-12 07:40:00
PAT097,SURG097,True,True,CLEAR,NORMAL,CONFIRMED,True,2026-09-13 09:40:00
PAT098,SURG098,True,True,CLEAR,NORMAL,CONFIRMED,True,2026-09-13 11:40:00
PAT099,SURG099,True,True,CLEAR,NORMAL,CONFIRMED,True,2026-09-13 13:40:00
PAT100,SURG100,True,True,CLEAR,NORMAL,CONFIRMED,True,2026-09-13 15:40:00
PAT101,SURG101,True,True,CLEAR,NORMAL,CONFIRMED,True,2026-09-13 17:40:00
PAT102,SURG102,True,True,CLEAR,NORMAL,CONFIRMED,True,2026-09-13 19:40:00
PAT103,SURG103,True,True,CLEAR,NORMAL,CONFIRMED,True,2026-09-13 21:40:00
PAT104,SURG104,True,True,CLEAR,NORMAL,CONFIRMED,True,2026-09-13 07:40:00
PAT105,SURG105,True,True,CLEAR,NORMAL,CONFIRMED,True,2026-09-13 09:40:00
PAT106,SURG106,True,True,CLEAR,NORMAL,CONFIRMED,True,2026-09-13 11:40:00
PAT107,SURG107,True,True,CLEAR,NORMAL,CONFIRMED,True,2026-09-13 13:40:00
PAT108,SURG108,True,True,CLEAR,NORMAL,CONFIRMED,True,2026-09-13 15:40:00
PAT109,SURG109,True,True,CLEAR,NORMAL,CONFIRMED,True,2026-09-13 17:40:00
PAT110,SURG110,True,True,CLEAR,NORMAL,CONFIRMED,True,2026-09-13 19:40:00
PAT111,SURG111,True,True,CLEAR,NORMAL,CONFIRMED,True,2026-09-13 21:40:00
PAT112,SURG112,True,True,CLEAR,NORMAL,CONFIRMED,True,2026-09-13 07:40:00
PAT113,SURG113,True,True,CLEAR,NORMAL,CONFIRMED,True,2026-09-13 09:40:00
PAT114,SURG114,True,True,CLEAR,NORMAL,CONFIRMED,True,2026-09-13 11:40:00
PAT115,SURG115,True,True,CLEAR,NORMAL,CONFIRMED,True,2026-09-13 13:40:00
PAT116,SURG116,True,True,CLEAR,NORMAL,CONFIRMED,True,2026-09-13 15:40:00
PAT117,SURG117,False,True,CLEAR,ELEVATED_BP,CONFIRMED,False,2026-09-13 17:40:00
PAT118,SURG118,True,True,CLEAR,NORMAL,CONFIRMED,True,2026-09-13 19:40:00
PAT119,SURG119,True,True,CLEAR,NORMAL,CONFIRMED,True,2026-09-13 21:40:00
PAT120,SURG120,True,True,CLEAR,NORMAL,CONFIRMED,True,2026-09-13 07:40:00
PAT121,SURG121,True,True,CLEAR,NORMAL,CONFIRMED,True,2026-09-13 09:40:00
PAT122,SURG122,True,True,CLEAR,NORMAL,CONFIRMED,True,2026-09-13 11:40:00
PAT123,SURG123,True,True,CLEAR,NORMAL,CONFIRMED,True,2026-09-13 13:40:00
PAT124,SURG124,True,True,CLEAR,NORMAL,CONFIRMED,True,2026-09-13 15:40:00
PAT125,SURG125,True,True,CLEAR,NORMAL,CONFIRMED,True,2026-09-13 17:40:00
PAT126,SURG126,True,True,CLEAR,NORMAL,CONFIRMED,True,2026-09-13 19:40:00
PAT127,SURG127,True,True,CLEAR,NORMAL,CONFIRMED,True,2026-09-13 21:40:00
PAT128,SURG128,True,True,CLEAR,NORMAL,CONFIRMED,True,2026-09-13 07:40:00
PAT129,SURG129,True,True,CLEAR,NORMAL,CONFIRMED,True,2026-09-14 09:40:00
PAT130,SURG130,True,True,CLEAR,NORMAL,CONFIRMED,True,2026-09-14 11:40:00
PAT131,SURG131,True,True,CLEAR,NORMAL,CONFIRMED,True,2026-09-14 13:40:00
PAT132,SURG132,True,True,CLEAR,NORMAL,CONFIRMED,True,2026-09-14 15:40:00
PAT133,SURG133,True,True,CLEAR,NORMAL,CONFIRMED,True,2026-09-14 17:40:00
PAT134,SURG134,True,True,CLEAR,NORMAL,CONFIRMED,True,2026-09-14 19:40:00
PAT135,SURG135,True,True,CLEAR,NORMAL,CONFIRMED,True,2026-09-14 21:40:00
PAT136,SURG136,True,True,CLEAR,NORMAL,CONFIRMED,True,2026-09-14 07:40:00
PAT137,SURG137,True,True,CLEAR,NORMAL,CONFIRMED,True,2026-09-14 09:40:00
PAT138,SURG138,True,True,CLEAR,NORMAL,CONFIRMED,True,2026-09-14 11:40:00
PAT139,SURG139,True,True,CLEAR,NORMAL,CONFIRMED,True,2026-09-14 13:40:00
PAT140,SURG140,True,True,CLEAR,NORMAL,CONFIRMED,True,2026-09-14 15:40:00
PAT141,SURG141,True,True,CLEAR,NORMAL,CONFIRMED,True,2026-09-14 17:40:00
PAT142,SURG142,True,True,CLEAR,NORMAL,CONFIRMED,True,2026-09-14 19:40:00
PAT143,SURG143,True,True,CLEAR,NORMAL,CONFIRMED,True,2026-09-14 21:40:00
PAT144,SURG144,True,True,CLEAR,NORMAL,CONFIRMED,True,2026-09-14 07:40:00
PAT145,SURG145,True,True,CLEAR,NORMAL,CONFIRMED,True,2026-09-14 09:40:00
PAT146,SURG146,True,True,CLEAR,NORMAL,CONFIRMED,True,2026-09-14 11:40:00
PAT147,SURG147,True,True,CLEAR,NORMAL,CONFIRMED,True,2026-09-14 13:40:00
PAT148,SURG148,True,True,CLEAR,NORMAL,CONFIRMED,True,2026-09-14 15:40:00
PAT149,SURG149,True,True,CLEAR,NORMAL,CONFIRMED,True,2026-09-14 17:40:00
PAT150,SURG150,True,True,CLEAR,NORMAL,CONFIRMED,True,2026-09-14 19:40:00
PAT151,SURG151,True,True,CLEAR,NORMAL,CONFIRMED,True,2026-09-14 21:40:00
PAT152,SURG152,True,True,CLEAR,NORMAL,CONFIRMED,True,2026-09-14 07:40:00
PAT153,SURG153,True,True,CLEAR,NORMAL,CONFIRMED,True,2026-09-14 09:40:00
PAT154,SURG154,True,True,CLEAR,NORMAL,CONFIRMED,True,2026-09-14 11:40:00
PAT155,SURG155,True,True,CLEAR,NORMAL,CONFIRMED,True,2026-09-14 13:40:00
PAT156,SURG156,True,True,CLEAR,NORMAL,CONFIRMED,True,2026-09-14 15:40:00
PAT157,SURG157,True,True,CLEAR,NORMAL,CONFIRMED,True,2026-09-14 17:40:00
PAT158,SURG158,True,True,CLEAR,NORMAL,CONFIRMED,True,2026-09-14 19:40:00
PAT159,SURG159,True,True,CLEAR,NORMAL,CONFIRMED,True,2026-09-14 21:40:00
PAT160,SURG160,True,True,CLEAR,NORMAL,CONFIRMED,True,2026-09-14 07:40:00
PAT161,SURG161,True,True,CLEAR,NORMAL,CONFIRMED,True,2026-09-15 09:40:00
PAT162,SURG162,True,True,CLEAR,NORMAL,CONFIRMED,True,2026-09-15 11:40:00
PAT163,SURG163,True,True,CLEAR,NORMAL,CONFIRMED,True,2026-09-15 13:40:00
PAT164,SURG164,True,True,CLEAR,NORMAL,CONFIRMED,True,2026-09-15 15:40:00
PAT165,SURG165,True,True,CLEAR,NORMAL,CONFIRMED,True,2026-09-15 17:40:00
PAT166,SURG166,True,True,CLEAR,NORMAL,CONFIRMED,True,2026-09-15 19:40:00
PAT167,SURG167,True,True,CLEAR,NORMAL,CONFIRMED,True,2026-09-15 21:40:00
PAT168,SURG168,True,True,CLEAR,NORMAL,CONFIRMED,True,2026-09-15 07:40:00
PAT169,SURG169,True,True,CLEAR,NORMAL,CONFIRMED,True,2026-09-15 09:40:00
PAT170,SURG170,True,True,CLEAR,NORMAL,CONFIRMED,True,2026-09-15 11:40:00
PAT171,SURG171,True,True,CLEAR,NORMAL,CONFIRMED,True,2026-09-15 13:40:00
PAT172,SURG172,True,True,CLEAR,NORMAL,CONFIRMED,True,2026-09-15 15:40:00
PAT173,SURG173,True,True,CLEAR,NORMAL,CONFIRMED,True,2026-09-15 17:40:00
PAT174,SURG174,True,True,CLEAR,NORMAL,CONFIRMED,True,2026-09-15 19:40:00
PAT175,SURG175,True,True,CLEAR,NORMAL,CONFIRMED,True,2026-09-15 21:40:00
PAT176,SURG176,True,True,CLEAR,NORMAL,CONFIRMED,True,2026-09-15 07:40:00
PAT177,SURG177,True,True,CLEAR,NORMAL,CONFIRMED,True,2026-09-15 09:40:00
PAT178,SURG178,True,False,CLEAR,FEVER,CONFIRMED,False,2026-09-15 11:40:00
PAT179,SURG179,True,True,CLEAR,NORMAL,CONFIRMED,True,2026-09-15 13:40:00
PAT180,SURG180,True,True,CLEAR,NORMAL,CONFIRMED,True,2026-09-15 15:40:00
PAT181,SURG181,True,True,CLEAR,NORMAL,CONFIRMED,True,2026-09-15 17:40:00
PAT182,SURG182,True,True,CLEAR,NORMAL,CONFIRMED,True,2026-09-15 19:40:00
PAT183,SURG183,True,True,CLEAR,NORMAL,CONFIRMED,True,2026-09-15 21:40:00
PAT184,SURG184,True,True,CLEAR,NORMAL,CONFIRMED,True,2026-09-15 07:40:00
PAT185,SURG185,True,True,CLEAR,NORMAL,CONFIRMED,True,2026-09-15 09:40:00
PAT186,SURG186,True,True,CLEAR,NORMAL,CONFIRMED,True,2026-09-15 11:40:00
PAT187,SURG187,True,True,CLEAR,NORMAL,CONFIRMED,True,2026-09-15 13:40:00
PAT188,SURG188,True,True,CLEAR,NORMAL,CONFIRMED,True,2026-09-15 15:40:00
PAT189,SURG189,True,True,CLEAR,NORMAL,CONFIRMED,True,2026-09-15 17:40:00
PAT190,SURG190,True,True,CLEAR,NORMAL,CONFIRMED,True,2026-09-15 19:40:00
PAT191,SURG191,True,True,CLEAR,NORMAL,CONFIRMED,True,2026-09-15 21:40:00
PAT192,SURG192,True,True,CLEAR,NORMAL,CONFIRMED,True,2026-09-15 07:40:00
PAT193,SURG193,True,True,CLEAR,NORMAL,CONFIRMED,True,2026-09-16 09:40:00
PAT194,SURG194,True,True,CLEAR,NORMAL,CONFIRMED,True,2026-09-16 11:40:00
PAT195,SURG195,True,True,CLEAR,NORMAL,CONFIRMED,True,2026-09-16 13:40:00
PAT196,SURG196,True,True,CLEAR,NORMAL,CONFIRMED,True,2026-09-16 15:40:00
PAT197,SURG197,True,True,CLEAR,NORMAL,CONFIRMED,True,2026-09-16 17:40:00
PAT198,SURG198,True,True,CLEAR,NORMAL,CONFIRMED,True,2026-09-16 19:40:00
PAT199,SURG199,True,True,CLEAR,NORMAL,CONFIRMED,True,2026-09-16 21:40:00
PAT200,SURG200,True,True,CLEAR,NORMAL,CONFIRMED,True,2026-09-16 07:40:00
PAT201,SURG201,True,True,CLEAR,NORMAL,CONFIRMED,True,2026-09-16 09:40:00
PAT202,SURG202,True,True,CLEAR,NORMAL,CONFIRMED,True,2026-09-16 11:40:00
PAT203,SURG203,True,True,CLEAR,NORMAL,CONFIRMED,True,2026-09-16 13:40:00
PAT204,SURG204,True,True,CLEAR,NORMAL,CONFIRMED,True,2026-09-16 15:40:00
PAT205,SURG205,True,True,CLEAR,NORMAL,CONFIRMED,True,2026-09-16 17:40:00
PAT206,SURG206,True,True,CLEAR,NORMAL,CONFIRMED,True,2026-09-16 19:40:00
PAT207,SURG207,True,True,CLEAR,NORMAL,CONFIRMED,True,2026-09-16 21:40:00
PAT208,SURG208,True,True,CLEAR,NORMAL,CONFIRMED,True,2026-09-16 07:40:00
PAT209,SURG209,True,True,CLEAR,NORMAL,CONFIRMED,True,2026-09-16 09:40:00
PAT210,SURG210,True,True,CLEAR,NORMAL,CONFIRMED,True,2026-09-16 11:40:00
PAT211,SURG211,True,True,CLEAR,NORMAL,CONFIRMED,True,2026-09-16 13:40:00
PAT212,SURG212,True,True,CLEAR,NORMAL,CONFIRMED,True,2026-09-16 15:40:00
PAT213,SURG213,True,True,CLEAR,NORMAL,CONFIRMED,True,2026-09-16 17:40:00
PAT214,SURG214,True,True,CLEAR,NORMAL,CONFIRMED,True,2026-09-16 19:40:00
PAT215,SURG215,True,True,CLEAR,NORMAL,CONFIRMED,True,2026-09-16 21:40:00
PAT216,SURG216,True,True,CLEAR,NORMAL,CONFIRMED,True,2026-09-16 07:40:00
PAT217,SURG217,True,True,CLEAR,NORMAL,CONFIRMED,True,2026-09-16 09:40:00
PAT218,SURG218,True,True,CLEAR,NORMAL,CONFIRMED,True,2026-09-16 11:40:00
PAT219,SURG219,True,True,CLEAR,NORMAL,CONFIRMED,True,2026-09-16 13:40:00
PAT220,SURG220,True,True,CLEAR,NORMAL,CONFIRMED,True,2026-09-16 15:40:00
PAT221,SURG221,True,True,CLEAR,NORMAL,CONFIRMED,True,2026-09-16 17:40:00
PAT222,SURG222,True,True,CLEAR,NORMAL,CONFIRMED,True,2026-09-16 19:40:00
PAT223,SURG223,True,True,CLEAR,NORMAL,CONFIRMED,True,2026-09-16 21:40:00
PAT224,SURG224,True,True,CLEAR,NORMAL,CONFIRMED,True,2026-09-16 07:40:00
PAT225,SURG225,True,True,CLEAR,NORMAL,CONFIRMED,True,2026-09-17 09:40:00
PAT226,SURG226,True,True,CLEAR,NORMAL,CONFIRMED,True,2026-09-17 11:40:00
PAT227,SURG227,True,True,CLEAR,NORMAL,CONFIRMED,True,2026-09-17 13:40:00
PAT228,SURG228,True,False,CLEAR,NORMAL,CONFIRMED,False,2026-09-17 15:40:00
PAT229,SURG229,True,True,CLEAR,NORMAL,CONFIRMED,True,2026-09-17 17:40:00
PAT230,SURG230,True,True,CLEAR,NORMAL,CONFIRMED,True,2026-09-17 19:40:00
PAT231,SURG231,True,True,CLEAR,NORMAL,CONFIRMED,True,2026-09-17 21:40:00
PAT232,SURG232,True,True,CLEAR,NORMAL,CONFIRMED,True,2026-09-17 07:40:00
PAT233,SURG233,True,True,CLEAR,NORMAL,CONFIRMED,True,2026-09-17 09:40:00
PAT234,SURG234,True,True,CLEAR,NORMAL,CONFIRMED,True,2026-09-17 11:40:00
PAT235,SURG235,True,True,CLEAR,NORMAL,CONFIRMED,True,2026-09-17 13:40:00
PAT236,SURG236,True,True,CLEAR,NORMAL,CONFIRMED,True,2026-09-17 15:40:00
PAT237,SURG237,True,True,CLEAR,NORMAL,CONFIRMED,True,2026-09-17 17:40:00
PAT238,SURG238,True,True,CLEAR,NORMAL,CONFIRMED,True,2026-09-17 19:40:00
PAT239,SURG239,True,True,CLEAR,NORMAL,CONFIRMED,True,2026-09-17 21:40:00
PAT240,SURG240,True,True,CLEAR,NORMAL,CONFIRMED,True,2026-09-17 07:40:00
PAT241,SURG241,True,True,CLEAR,NORMAL,CONFIRMED,True,2026-09-17 09:40:00
PAT242,SURG242,True,True,CLEAR,NORMAL,CONFIRMED,True,2026-09-17 11:40:00
PAT243,SURG243,False,False,CLEAR,ELEVATED_BP,CONFIRMED,False,2026-09-17 13:40:00
PAT244,SURG244,False,True,CLEAR,FEVER,CONFIRMED,False,2026-09-17 15:40:00
PAT245,SURG245,True,True,CLEAR,NORMAL,CONFIRMED,True,2026-09-17 17:40:00
PAT246,SURG246,True,True,CLEAR,NORMAL,CONFIRMED,True,2026-09-17 19:40:00
PAT247,SURG247,True,True,CLEAR,NORMAL,CONFIRMED,True,2026-09-17 21:40:00
PAT248,SURG248,False,False,CLEAR,NORMAL,CONFIRMED,False,2026-09-17 07:40:00
PAT249,SURG249,True,True,CLEAR,NORMAL,CONFIRMED,True,2026-09-17 09:40:00
PAT250,SURG250,True,True,CLEAR,NORMAL,CONFIRMED,True,2026-09-17 11:40:00
PAT251,SURG251,True,True,CLEAR,NORMAL,CONFIRMED,True,2026-09-17 13:40:00
PAT252,SURG252,True,True,CLEAR,NORMAL,CONFIRMED,True,2026-09-17 15:40:00
PAT253,SURG253,True,True,CLEAR,NORMAL,CONFIRMED,True,2026-09-17 17:40:00
PAT254,SURG254,True,True,CLEAR,NORMAL,CONFIRMED,True,2026-09-17 19:40:00
PAT255,SURG255,True,True,CLEAR,NORMAL,CONFIRMED,True,2026-09-17 21:40:00
PAT256,SURG256,True,True,CLEAR,NORMAL,CONFIRMED,True,2026-09-17 07:40:00
PAT257,SURG257,True,True,CLEAR,NORMAL,CONFIRMED,True,2026-09-18 09:40:00
PAT258,SURG258,True,True,CLEAR,NORMAL,CONFIRMED,True,2026-09-18 11:40:00
PAT259,SURG259,True,True,CLEAR,NORMAL,CONFIRMED,True,2026-09-18 13:40:00
PAT260,SURG260,True,True,CLEAR,NORMAL,CONFIRMED,True,2026-09-18 15:40:00
PAT261,SURG261,True,True,CLEAR,NORMAL,CONFIRMED,True,2026-09-18 17:40:00
PAT262,SURG262,True,True,CLEAR,NORMAL,CONFIRMED,True,2026-09-18 19:40:00
PAT263,SURG263,True,True,CLEAR,NORMAL,CONFIRMED,True,2026-09-18 21:40:00
PAT264,SURG264,True,True,CLEAR,NORMAL,CONFIRMED,True,2026-09-18 07:40:00
PAT265,SURG265,True,True,CLEAR,NORMAL,CONFIRMED,True,2026-09-18 09:40:00
PAT266,SURG266,True,True,CLEAR,NORMAL,CONFIRMED,True,2026-09-18 11:40:00
PAT267,SURG267,True,True,CLEAR,NORMAL,CONFIRMED,True,2026-09-18 13:40:00
PAT268,SURG268,True,True,CLEAR,NORMAL,CONFIRMED,True,2026-09-18 15:40:00
PAT269,SURG269,True,True,CLEAR,NORMAL,CONFIRMED,True,2026-09-18 17:40:00
PAT270,SURG270,True,True,CLEAR,NORMAL,CONFIRMED,True,2026-09-18 19:40:00
PAT271,SURG271,True,True,CLEAR,NORMAL,CONFIRMED,True,2026-09-18 21:40:00
PAT272,SURG272,True,True,CLEAR,NORMAL,CONFIRMED,True,2026-09-18 07:40:00
PAT273,SURG273,False,True,CLEAR,ELEVATED_BP,CONFIRMED,False,2026-09-18 09:40:00
PAT274,SURG274,True,True,CLEAR,NORMAL,CONFIRMED,True,2026-09-18 11:40:00
PAT275,SURG275,True,True,CLEAR,NORMAL,CONFIRMED,True,2026-09-18 13:40:00
PAT276,SURG276,True,True,CLEAR,NORMAL,CONFIRMED,True,2026-09-18 15:40:00
PAT277,SURG277,True,True,CLEAR,NORMAL,CONFIRMED,True,2026-09-18 17:40:00
PAT278,SURG278,True,False,CLEAR,NORMAL,CONFIRMED,False,2026-09-18 19:40:00
PAT279,SURG279,True,True,CLEAR,NORMAL,CONFIRMED,True,2026-09-18 21:40:00
PAT280,SURG280,True,True,CLEAR,NORMAL,CONFIRMED,True,2026-09-18 07:40:00
PAT281,SURG281,True,True,CLEAR,NORMAL,CONFIRMED,True,2026-09-18 09:40:00
PAT282,SURG282,True,True,CLEAR,NORMAL,CONFIRMED,True,2026-09-18 11:40:00
PAT283,SURG283,True,True,CLEAR,NORMAL,CONFIRMED,True,2026-09-18 13:40:00
PAT284,SURG284,True,True,CLEAR,NORMAL,CONFIRMED,True,2026-09-18 15:40:00
PAT285,SURG285,True,True,CLEAR,NORMAL,CONFIRMED,True,2026-09-18 17:40:00
PAT286,SURG286,True,True,CLEAR,NORMAL,CONFIRMED,True,2026-09-18 19:40:00
PAT287,SURG287,True,True,CLEAR,NORMAL,CONFIRMED,True,2026-09-18 21:40:00
PAT288,SURG288,True,True,CLEAR,NORMAL,CONFIRMED,True,2026-09-18 07:40:00
PAT289,SURG289,True,True,CLEAR,NORMAL,CONFIRMED,True,2026-09-19 09:40:00
PAT290,SURG290,True,True,CLEAR,NORMAL,CONFIRMED,True,2026-09-19 11:40:00
PAT291,SURG291,True,True,CLEAR,NORMAL,CONFIRMED,True,2026-09-19 13:40:00
PAT292,SURG292,True,True,CLEAR,NORMAL,CONFIRMED,True,2026-09-19 15:40:00
PAT293,SURG293,True,True,CLEAR,NORMAL,CONFIRMED,True,2026-09-19 17:40:00
PAT294,SURG294,True,True,CLEAR,NORMAL,CONFIRMED,True,2026-09-19 19:40:00
PAT295,SURG295,True,True,CLEAR,NORMAL,CONFIRMED,True,2026-09-19 21:40:00
PAT296,SURG296,False,False,CLEAR,FEVER,CONFIRMED,False,2026-09-19 07:40:00
PAT297,SURG297,True,True,CLEAR,NORMAL,CONFIRMED,True,2026-09-19 09:40:00
PAT298,SURG298,True,True,CLEAR,NORMAL,CONFIRMED,True,2026-09-19 11:40:00
PAT299,SURG299,True,True,CLEAR,NORMAL,CONFIRMED,True,2026-09-19 13:40:00
PAT300,SURG300,True,True,CLEAR,NORMAL,CONFIRMED,True,2026-09-19 15:40:00
PAT301,SURG301,True,True,CLEAR,NORMAL,CONFIRMED,True,2026-09-19 17:40:00
PAT302,SURG302,True,True,CLEAR,NORMAL,CONFIRMED,True,2026-09-19 19:40:00
PAT303,SURG303,True,True,CLEAR,NORMAL,CONFIRMED,True,2026-09-19 21:40:00
PAT304,SURG304,True,True,CLEAR,NORMAL,CONFIRMED,True,2026-09-19 07:40:00
PAT305,SURG305,True,True,CLEAR,NORMAL,CONFIRMED,True,2026-09-19 09:40:00
PAT306,SURG306,True,True,CLEAR,NORMAL,CONFIRMED,True,2026-09-19 11:40:00
PAT307,SURG307,True,True,CLEAR,NORMAL,CONFIRMED,True,2026-09-19 13:40:00
PAT308,SURG308,True,True,CLEAR,NORMAL,CONFIRMED,True,2026-09-19 15:40:00
PAT309,SURG309,True,True,CLEAR,NORMAL,CONFIRMED,True,2026-09-19 17:40:00
PAT310,SURG310,True,True,CLEAR,NORMAL,CONFIRMED,True,2026-09-19 19:40:00
PAT311,SURG311,True,True,CLEAR,NORMAL,CONFIRMED,True,2026-09-19 21:40:00
PAT312,SURG312,True,True,CLEAR,NORMAL,CONFIRMED,True,2026-09-19 07:40:00
PAT313,SURG313,True,True,CLEAR,NORMAL,CONFIRMED,True,2026-09-19 09:40:00
PAT314,SURG314,True,True,CLEAR,NORMAL,CONFIRMED,True,2026-09-19 11:40:00
PAT315,SURG315,True,True,CLEAR,NORMAL,CONFIRMED,True,2026-09-19 13:40:00
PAT316,SURG316,True,True,CLEAR,NORMAL,CONFIRMED,True,2026-09-19 15:40:00
PAT317,SURG317,True,True,CLEAR,NORMAL,CONFIRMED,True,2026-09-19 17:40:00
PAT318,SURG318,True,True,CLEAR,NORMAL,CONFIRMED,True,2026-09-19 19:40:00
PAT319,SURG319,True,True,CLEAR,NORMAL,CONFIRMED,True,2026-09-19 21:40:00
PAT320,SURG320,True,True,CLEAR,NORMAL,CONFIRMED,True,2026-09-19 07:40:00
