supply_id,surgery_id,supply_name,required_quantity,available_quantity,sterility_confirmed,status,last_updated
SUP001,SURG001,Orthopaedics Surgical Pack-2,4,4,True,AVAILABLE,2026-09-10 09:30:00
SUP002,SURG002,Neurology Surgical Pack-3,9,9,True,AVAILABLE,2026-09-10 11:30:00
SUP003,SURG003,Cardiology Surgical Pack-4,8,8,True,AVAILABLE,2026-09-10 13:30:00
SUP004,SURG004,Obstetrics & Gynaecology Surgical Pack-5,6,6,True,AVAILABLE,2026-09-10 15:30:00
SUP005,SURG005,Obstetrics & Gynaecology Surgical Pack-1,4,4,True,AVAILABLE,2026-09-10 17:30:00
SUP006,SURG006,Obstetrics & Gynaecology Surgical Pack-2,8,8,True,AVAILABLE,2026-09-10 19:30:00
SUP007,SURG007,ENT Surgical Pack-3,6,6,True,AVAILABLE,2026-09-10 21:30:00
SUP008,SURG008,Plastic Surgery Surgical Pack-4,5,5,True,AVAILABLE,2026-09-10 07:30:00
SUP009,SURG009,Orthopaedics Surgical Pack-5,8,8,True,AVAILABLE,2026-09-10 09:30:00
SUP010,SURG010,General Surgery Surgical Pack-1,6,6,True,AVAILABLE,2026-09-10 11:30:00
SUP011,SURG011,Cardiology Surgical Pack-2,6,6,True,AVAILABLE,2026-09-10 13:30:00
SUP012,SURG012,Urology Surgical Pack-3,6,6,True,AVAILABLE,2026-09-10 15:30:00
SUP013,SURG013,Neurology Surgical Pack-4,6,6,True,AVAILABLE,2026-09-10 17:30:00
SUP014,SURG014,Cardiology Surgical Pack-5,6,6,True,AVAILABLE,2026-09-10 19:30:00
SUP015,SURG015,Cardiology Surgical Pack-1,10,10,True,AVAILABLE,2026-09-10 21:30:00
SUP016,SURG016,Neurology Surgical Pack-2,9,9,True,AVAILABLE,2026-09-10 07:30:00
SUP017,SURG017,Orthopaedics Surgical Pack-3,6,6,True,AVAILABLE,2026-09-10 09:30:00
SUP018,SURG018,General Surgery Surgical Pack-4,7,7,True,AVAILABLE,2026-09-10 11:30:00
SUP019,SURG019,Neurology Surgical Pack-5,3,3,True,AVAILABLE,2026-09-10 13:30:00
SUP020,SURG020,General Surgery Surgical Pack-1,6,6,True,MISSING,2026-09-10 15:30:00
SUP021,SURG021,Obstetrics & Gynaecology Surgical Pack-2,7,7,True,AVAILABLE,2026-09-10 17:30:00
SUP022,SURG022,Neurology Surgical Pack-3,4,4,True,AVAILABLE,2026-09-10 19:30:00
SUP023,SURG023,Urology Surgical Pack-4,4,4,True,AVAILABLE,2026-09-10 21:30:00
SUP024,SURG024,Urology Surgical Pack-5,3,3,True,AVAILABLE,2026-09-10 07:30:00
SUP025,SURG025,Urology Surgical Pack-1,9,9,True,AVAILABLE,2026-09-10 09:30:00
SUP026,SURG026,ENT Surgical Pack-2,3,3,True,AVAILABLE,2026-09-10 11:30:00
SUP027,SURG027,ENT Surgical Pack-3,8,8,True,AVAILABLE,2026-09-10 13:30:00
SUP028,SURG028,Plastic Surgery Surgical Pack-4,10,10,True,AVAILABLE,2026-09-10 15:30:00
SUP029,SURG029,Obstetrics & Gynaecology Surgical Pack-5,7,7,True,AVAILABLE,2026-09-10 17:30:00
SUP030,SURG030,Urology Surgical Pack-1,8,8,True,AVAILABLE,2026-09-10 19:30:00
SUP031,SURG031,ENT Surgical Pack-2,6,6,True,AVAILABLE,2026-09-10 21:30:00
SUP032,SURG032,Urology Surgical Pack-3,7,7,True,AVAILABLE,2026-09-10 07:30:00
SUP033,SURG033,Orthopaedics Surgical Pack-4,8,8,False,STERILITY_PENDING,2026-09-11 09:30:00
SUP034,SURG034,Neurology Surgical Pack-5,5,5,True,AVAILABLE,2026-09-11 11:30:00
SUP035,SURG035,Neurology Surgical Pack-1,5,5,True,AVAILABLE,2026-09-11 13:30:00
SUP036,SURG036,Neurology Surgical Pack-2,10,10,True,AVAILABLE,2026-09-11 15:30:00
SUP037,SURG037,Plastic Surgery Surgical Pack-3,7,7,True,AVAILABLE,2026-09-11 17:30:00
SUP038,SURG038,Urology Surgical Pack-4,4,4,True,AVAILABLE,2026-09-11 19:30:00
SUP039,SURG039,ENT Surgical Pack-5,9,9,True,AVAILABLE,2026-09-11 21:30:00
SUP040,SURG040,Orthopaedics Surgical Pack-1,9,9,True,AVAILABLE,2026-09-11 07:30:00
SUP041,SURG041,ENT Surgical Pack-2,10,10,True,AVAILABLE,2026-09-11 09:30:00
SUP042,SURG042,Plastic Surgery Surgical Pack-3,8,8,True,AVAILABLE,2026-09-11 11:30:00
SUP043,SURG043,Neurology Surgical Pack-4,6,6,True,AVAILABLE,2026-09-11 13:30:00
SUP044,SURG044,Neurology Surgical Pack-5,5,5,True,AVAILABLE,2026-09-11 15:30:00
SUP045,SURG045,ENT Surgical Pack-1,6,6,True,AVAILABLE,2026-09-11 17:30:00
SUP046,SURG046,Cardiology Surgical Pack-2,10,10,True,AVAILABLE,2026-09-11 19:30:00
SUP047,SURG047,Urology Surgical Pack-3,7,7,True,AVAILABLE,2026-09-11 21:30:00
SUP048,SURG048,ENT Surgical Pack-4,8,8,True,AVAILABLE,2026-09-11 07:30:00
SUP049,SURG049,Urology Surgical Pack-5,4,4,True,AVAILABLE,2026-09-11 09:30:00
SUP050,SURG050,Orthopaedics Surgical Pack-1,6,6,True,AVAILABLE,2026-09-11 11:30:00
SUP051,SURG051,Obstetrics & Gynaecology Surgical Pack-2,5,5,True,AVAILABLE,2026-09-11 13:30:00
SUP052,SURG052,Urology Surgical Pack-3,3,3,True,AVAILABLE,2026-09-11 15:30:00
SUP053,SURG053,Plastic Surgery Surgical Pack-4,10,10,True,AVAILABLE,2026-09-11 17:30:00
SUP054,SURG054,Cardiology Surgical Pack-5,3,3,True,AVAILABLE,2026-09-11 19:30:00
SUP055,SURG055,Neurology Surgical Pack-1,7,7,True,AVAILABLE,2026-09-11 21:30:00
SUP056,SURG056,Cardiology Surgical Pack-2,4,4,True,AVAILABLE,2026-09-11 07:30:00
SUP057,SURG057,Neurology Surgical Pack-3,6,6,True,AVAILABLE,2026-09-11 09:30:00
SUP058,SURG058,Orthopaedics Surgical Pack-4,7,7,True,AVAILABLE,2026-09-11 11:30:00
SUP059,SURG059,Plastic Surgery Surgical Pack-5,9,9,True,AVAILABLE,2026-09-11 13:30:00
SUP060,SURG060,Orthopaedics Surgical Pack-1,10,10,True,AVAILABLE,2026-09-11 15:30:00
SUP061,SURG061,ENT Surgical Pack-2,5,5,True,AVAILABLE,2026-09-11 17:30:00
SUP062,SURG062,Cardiology Surgical Pack-3,9,9,True,AVAILABLE,2026-09-11 19:30:00
SUP063,SURG063,Plastic Surgery Surgical Pack-4,5,5,True,AVAILABLE,2026-09-11 21:30:00
SUP064,SURG064,Neurology Surgical Pack-5,5,5,True,AVAILABLE,2026-09-11 07:30:00
SUP065,SURG065,Plastic Surgery Surgical Pack-1,5,5,True,AVAILABLE,2026-09-12 09:30:00
SUP066,SURG066,Plastic Surgery Surgical Pack-2,9,9,True,AVAILABLE,2026-09-12 11:30:00
SUP067,SURG067,Orthopaedics Surgical Pack-3,9,9,True,AVAILABLE,2026-09-12 13:30:00
SUP068,SURG068,Plastic Surgery Surgical Pack-4,3,3,True,AVAILABLE,2026-09-12 15:30:00
SUP069,SURG069,ENT Surgical Pack-5,9,9,True,AVAILABLE,2026-09-12 17:30:00
SUP070,SURG070,Cardiology Surgical Pack-1,4,4,True,AVAILABLE,2026-09-12 19:30:00
SUP071,SURG071,Urology Surgical Pack-2,6,6,True,AVAILABLE,2026-09-12 21:30:00
SUP072,SURG072,Plastic Surgery Surgical Pack-3,7,7,True,AVAILABLE,2026-09-12 07:30:00
SUP073,SURG073,Plastic Surgery Surgical Pack-4,9,9,True,AVAILABLE,2026-09-12 09:30:00
SUP074,SURG074,Neurology Surgical Pack-5,7,7,True,AVAILABLE,2026-09-12 11:30:00
SUP075,SURG075,Urology Surgical Pack-1,6,6,True,AVAILABLE,2026-09-12 13:30:00
SUP076,SURG076,Orthopaedics Surgical Pack-2,7,7,True,AVAILABLE,2026-09-12 15:30:00
SUP077,SURG077,Obstetrics & Gynaecology Surgical Pack-3,5,5,True,AVAILABLE,2026-09-12 17:30:00
SUP078,SURG078,Cardiology Surgical Pack-4,7,7,True,AVAILABLE,2026-09-12 19:30:00
SUP079,SURG079,Neurology Surgical Pack-5,7,7,True,AVAILABLE,2026-09-12 21:30:00
SUP080,SURG080,Cardiology Surgical Pack-1,5,5,True,AVAILABLE,2026-09-12 07:30:00
SUP081,SURG081,Plastic Surgery Surgical Pack-2,8,8,True,AVAILABLE,2026-09-12 09:30:00
SUP082,SURG082,Cardiology Surgical Pack-3,3,3,True,AVAILABLE,2026-09-12 11:30:00
SUP083,SURG083,Neurology Surgical Pack-4,3,3,True,AVAILABLE,2026-09-12 13:30:00
SUP084,SURG084,General Surgery Surgical Pack-5,6,6,True,AVAILABLE,2026-09-12 15:30:00
SUP085,SURG085,Cardiology Surgical Pack-1,8,8,True,AVAILABLE,2026-09-12 17:30:00
SUP086,SURG086,Orthopaedics Surgical Pack-2,4,4,True,AVAILABLE,2026-09-12 19:30:00
SUP087,SURG087,General Surgery Surgical Pack-3,8,8,True,AVAILABLE,2026-09-12 21:30:00
SUP088,SURG088,ENT Surgical Pack-4,10,10,True,AVAILABLE,2026-09-12 07:30:00
SUP089,SURG089,Obstetrics & Gynaecology Surgical Pack-5,4,4,True,AVAILABLE,2026-09-12 09:30:00
SUP090,SURG090,ENT Surgical Pack-1,8,8,True,AVAILABLE,2026-09-12 11:30:00
SUP091,SURG091,Obstetrics & Gynaecology Surgical Pack-2,9,9,True,AVAILABLE,2026-09-12 13:30:00
SUP092,SURG092,Obstetrics & Gynaecology Surgical Pack-3,9,9,True,AVAILABLE,2026-09-12 15:30:00
SUP093,SURG093,Plastic Surgery Surgical Pack-4,8,8,True,AVAILABLE,2026-09-12 17:30:00
SUP094,SURG094,Plastic Surgery Surgical Pack-5,9,9,True,AVAILABLE,2026-09-12 19:30:00
SUP095,SURG095,Plastic Surgery Surgical Pack-1,3,3,True,AVAILABLE,2026-09-12 21:30:00
SUP096,SURG096,ENT Surgical Pack-2,6,6,True,AVAILABLE,2026-09-12 07:30:00
SUP097,SURG097,Cardiology Surgical Pack-3,9,9,True,AVAILABLE,2026-09-13 09:30:00
SUP098,SURG098,Plastic Surgery Surgical Pack-4,4,4,True,AVAILABLE,2026-09-13 11:30:00
SUP099,SURG099,Neurology Surgical Pack-5,4,4,True,AVAILABLE,2026-09-13 13:30:00
SUP100,SURG100,Urology Surgical Pack-1,4,4,True,AVAILABLE,2026-09-13 15:30:00
SUP101,SURG101,Plastic Surgery Surgical Pack-2,7,7,True,AVAILABLE,2026-09-13 17:30:00
SUP102,SURG102,Orthopaedics Surgical Pack-3,4,4,True,AVAILABLE,2026-09-13 19:30:00
SUP103,SURG103,Plastic Surgery Surgical Pack-4,8,8,True,AVAILABLE,2026-09-13 21:30:00
SUP104,SURG104,Obstetrics & Gynaecology Surgical Pack-5,8,8,True,AVAILABLE,2026-09-13 07:30:00
SUP105,SURG105,Urology Surgical Pack-1,5,5,True,AVAILABLE,2026-09-13 09:30:00
SUP106,SURG106,ENT Surgical Pack-2,5,5,True,AVAILABLE,2026-09-13 11:30:00
SUP107,SURG107,Cardiology Surgical Pack-3,3,3,True,AVAILABLE,2026-09-13 13:30:00
SUP108,SURG108,Plastic Surgery Surgical Pack-4,6,6,True,AVAILABLE,2026-09-13 15:30:00
SUP109,SURG109,Neurology Surgical Pack-5,10,10,True,AVAILABLE,2026-09-13 17:30:00
SUP110,SURG110,Orthopaedics Surgical Pack-1,4,4,True,AVAILABLE,2026-09-13 19:30:00
SUP111,SURG111,ENT Surgical Pack-2,8,8,True,AVAILABLE,2026-09-13 21:30:00
SUP112,SURG112,Cardiology Surgical Pack-3,4,4,True,AVAILABLE,2026-09-13 07:30:00
SUP113,SURG113,Plastic Surgery Surgical Pack-4,6,6,True,AVAILABLE,2026-09-13 09:30:00
SUP114,SURG114,Cardiology Surgical Pack-5,6,6,True,AVAILABLE,2026-09-13 11:30:00
SUP115,SURG115,General Surgery Surgical Pack-1,4,4,True,AVAILABLE,2026-09-13 13:30:00
SUP116,SURG116,Orthopaedics Surgical Pack-2,4,4,True,AVAILABLE,2026-09-13 15:30:00
SUP117,SURG117,Plastic Surgery Surgical Pack-3,10,10,True,AVAILABLE,2026-09-13 17:30:00
SUP118,SURG118,Orthopaedics Surgical Pack-4,3,3,True,AVAILABLE,2026-09-13 19:30:00
SUP119,SURG119,ENT Surgical Pack-5,10,10,True,AVAILABLE,2026-09-13 21:30:00
SUP120,SURG120,Urology Surgical Pack-1,7,7,True,AVAILABLE,2026-09-13 07:30:00
SUP121,SURG121,Urology Surgical Pack-2,9,9,True,AVAILABLE,2026-09-13 09:30:00
SUP122,SURG122,Cardiology Surgical Pack-3,3,3,True,AVAILABLE,2026-09-13 11:30:00
SUP123,SURG123,Obstetrics & Gynaecology Surgical Pack-4,6,6,True,AVAILABLE,2026-09-13 13:30:00
SUP124,SURG124,Urology Surgical Pack-5,7,7,True,AVAILABLE,2026-09-13 15:30:00
SUP125,SURG125,Plastic Surgery Surgical Pack-1,4,4,True,AVAILABLE,2026-09-13 17:30:00
SUP126,SURG126,Neurology Surgical Pack-2,3,3,True,AVAILABLE,2026-09-13 19:30:00
SUP127,SURG127,ENT Surgical Pack-3,9,9,True,AVAILABLE,2026-09-13 21:30:00
SUP128,SURG128,General Surgery Surgical Pack-4,3,3,True,AVAILABLE,2026-09-13 07:30:00
SUP129,SURG129,Obstetrics & Gynaecology Surgical Pack-5,7,7,True,AVAILABLE,2026-09-14 09:30:00
SUP130,SURG130,Orthopaedics Surgical Pack-1,9,9,True,AVAILABLE,2026-09-14 11:30:00
SUP131,SURG131,Urology Surgical Pack-2,5,5,True,AVAILABLE,2026-09-14 13:30:00
SUP132,SURG132,Obstetrics & Gynaecology Surgical Pack-3,5,5,True,AVAILABLE,2026-09-14 15:30:00
SUP133,SURG133,Plastic Surgery Surgical Pack-4,7,4,True,PARTIAL,2026-09-14 17:30:00
SUP134,SURG134,Plastic Surgery Surgical Pack-5,9,9,True,AVAILABLE,2026-09-14 19:30:00
SUP135,SURG135,Plastic Surgery Surgical Pack-1,4,4,True,MISSING,2026-09-14 21:30:00
SUP136,SURG136,Obstetrics & Gynaecology Surgical Pack-2,10,10,True,AVAILABLE,2026-09-14 07:30:00
SUP137,SURG137,Obstetrics & Gynaecology Surgical Pack-3,9,9,True,AVAILABLE,2026-09-14 09:30:00
SUP138,SURG138,General Surgery Surgical Pack-4,8,8,True,AVAILABLE,2026-09-14 11:30:00
SUP139,SURG139,Orthopaedics Surgical Pack-5,9,9,True,AVAILABLE,2026-09-14 13:30:00
SUP140,SURG140,General Surgery Surgical Pack-1,6,6,True,AVAILABLE,2026-09-14 15:30:00
SUP141,SURG141,General Surgery Surgical Pack-2,10,10,True,AVAILABLE,2026-09-14 17:30:00
SUP142,SURG142,General Surgery Surgical Pack-3,8,8,True,AVAILABLE,2026-09-14 19:30:00
SUP143,SURG143,Urology Surgical Pack-4,10,10,True,AVAILABLE,2026-09-14 21:30:00
SUP144,SURG144,ENT Surgical Pack-5,7,7,True,AVAILABLE,2026-09-14 07:30:00
SUP145,SURG145,Urology Surgical Pack-1,6,6,True,AVAILABLE,2026-09-14 09:30:00
SUP146,SURG146,General Surgery Surgical Pack-2,6,6,True,AVAILABLE,2026-09-14 11:30:00
SUP147,SURG147,General Surgery Surgical Pack-3,3,3,True,AVAILABLE,2026-09-14 13:30:00
SUP148,SURG148,Cardiology Surgical Pack-4,10,10,True,AVAILABLE,2026-09-14 15:30:00
SUP149,SURG149,Plastic Surgery Surgical Pack-5,8,8,True,AVAILABLE,2026-09-14 17:30:00
SUP150,SURG150,Plastic Surgery Surgical Pack-1,9,9,True,AVAILABLE,2026-09-14 19:30:00
SUP151,SURG151,Urology Surgical Pack-2,7,7,True,AVAILABLE,2026-09-14 21:30:00
SUP152,SURG152,General Surgery Surgical Pack-3,10,10,True,AVAILABLE,2026-09-14 07:30:00
SUP153,SURG153,Orthopaedics Surgical Pack-4,5,5,True,AVAILABLE,2026-09-14 09:30:00
SUP154,SURG154,Orthopaedics Surgical Pack-5,10,10,True,AVAILABLE,2026-09-14 11:30:00
SUP155,SURG155,Neurology Surgical Pack-1,4,4,True,AVAILABLE,2026-09-14 13:30:00
SUP156,SURG156,General Surgery Surgical Pack-2,9,9,True,AVAILABLE,2026-09-14 15:30:00
SUP157,SURG157,General Surgery Surgical Pack-3,6,6,True,AVAILABLE,2026-09-14 17:30:00
SUP158,SURG158,Urology Surgical Pack-4,9,9,True,AVAILABLE,2026-09-14 19:30:00
SUP159,SURG159,Orthopaedics Surgical Pack-5,6,6,True,AVAILABLE,2026-09-14 21:30:00
SUP160,SURG160,Neurology Surgical Pack-1,6,6,True,AVAILABLE,2026-09-14 07:30:00
SUP161,SURG161,Orthopaedics Surgical Pack-2,8,8,True,AVAILABLE,2026-09-15 09:30:00
SUP162,SURG162,Neurology Surgical Pack-3,5,5,True,AVAILABLE,2026-09-15 11:30:00
SUP163,SURG163,Urology Surgical Pack-4,10,10,True,AVAILABLE,2026-09-15 13:30:00
SUP164,SURG164,Cardiology Surgical Pack-5,6,6,True,AVAILABLE,2026-09-15 15:30:00
SUP165,SURG165,Cardiology Surgical Pack-1,6,6,True,AVAILABLE,2026-09-15 17:30:00
SUP166,SURG166,Urology Surgical Pack-2,10,10,True,AVAILABLE,2026-09-15 19:30:00
SUP167,SURG167,ENT Surgical Pack-3,5,5,True,AVAILABLE,2026-09-15 21:30:00
SUP168,SURG168,Neurology Surgical Pack-4,10,10,True,AVAILABLE,2026-09-15 07:30:00
SUP169,SURG169,General Surgery Surgical Pack-5,3,3,True,AVAILABLE,2026-09-15 09:30:00
SUP170,SURG170,Cardiology Surgical Pack-1,10,10,True,AVAILABLE,2026-09-15 11:30:00
SUP171,SURG171,Orthopaedics Surgical Pack-2,4,4,True,AVAILABLE,2026-09-15 13:30:00
SUP172,SURG172,Obstetrics & Gynaecology Surgical Pack-3,6,6,True,AVAILABLE,2026-09-15 15:30:00
SUP173,SURG173,Plastic Surgery Surgical Pack-4,4,4,True,AVAILABLE,2026-09-15 17:30:00
SUP174,SURG174,Plastic Surgery Surgical Pack-5,7,7,True,AVAILABLE,2026-09-15 19:30:00
SUP175,SURG175,Cardiology Surgical Pack-1,9,9,True,AVAILABLE,2026-09-15 21:30:00
SUP176,SURG176,ENT Surgical Pack-2,9,9,True,AVAILABLE,2026-09-15 07:30:00
SUP177,SURG177,ENT Surgical Pack-3,9,9,True,AVAILABLE,2026-09-15 09:30:00
SUP178,SURG178,ENT Surgical Pack-4,4,4,True,AVAILABLE,2026-09-15 11:30:00
SUP179,SURG179,ENT Surgical Pack-5,4,4,True,AVAILABLE,2026-09-15 13:30:00
SUP180,SURG180,Neurology Surgical Pack-1,7,7,True,AVAILABLE,2026-09-15 15:30:00
SUP181,SURG181,Urology Surgical Pack-2,6,6,True,AVAILABLE,2026-09-15 17:30:00
SUP182,SURG182,ENT Surgical Pack-3,5,5,True,AVAILABLE,2026-09-15 19:30:00
SUP183,SURG183,Obstetrics & Gynaecology Surgical Pack-4,6,6,True,AVAILABLE,2026-09-15 21:30:00
SUP184,SURG184,General Surgery Surgical Pack-5,6,6,True,AVAILABLE,2026-09-15 07:30:00
SUP185,SURG185,Neurology Surgical Pack-1,9,9,True,AVAILABLE,2026-09-15 09:30:00
SUP186,SURG186,Cardiology Surgical Pack-2,8,8,True,AVAILABLE,2026-09-15 11:30:00
SUP187,SURG187,Cardiology Surgical Pack-3,6,6,True,AVAILABLE,2026-09-15 13:30:00
SUP188,SURG188,Plastic Surgery Surgical Pack-4,4,4,True,AVAILABLE,2026-09-15 15:30:00
SUP189,SURG189,Plastic Surgery Surgical Pack-5,10,10,True,AVAILABLE,2026-09-15 17:30:00
SUP190,SURG190,General Surgery Surgical Pack-1,10,10,True,AVAILABLE,2026-09-15 19:30:00
SUP191,SURG191,Neurology Surgical Pack-2,3,3,True,AVAILABLE,2026-09-15 21:30:00
SUP192,SURG192,Obstetrics & Gynaecology Surgical Pack-3,10,10,True,AVAILABLE,2026-09-15 07:30:00
SUP193,SURG193,General Surgery Surgical Pack-4,5,5,True,AVAILABLE,2026-09-16 09:30:00
SUP194,SURG194,General Surgery Surgical Pack-5,9,9,True,AVAILABLE,2026-09-16 11:30:00
SUP195,SURG195,General Surgery Surgical Pack-1,3,3,True,AVAILABLE,2026-09-16 13:30:00
SUP196,SURG196,ENT Surgical Pack-2,10,10,True,AVAILABLE,2026-09-16 15:30:00
SUP197,SURG197,Urology Surgical Pack-3,10,10,True,AVAILABLE,2026-09-16 17:30:00
SUP198,SURG198,Neurology Surgical Pack-4,6,6,True,AVAILABLE,2026-09-16 19:30:00
SUP199,SURG199,Cardiology Surgical Pack-5,8,8,True,AVAILABLE,2026-09-16 21:30:00
SUP200,SURG200,Urology Surgical Pack-1,7,7,True,AVAILABLE,2026-09-16 07:30:00
SUP201,SURG201,General Surgery Surgical Pack-2,8,8,True,AVAILABLE,2026-09-16 09:30:00
SUP202,SURG202,Urology Surgical Pack-3,8,8,True,AVAILABLE,2026-09-16 11:30:00
SUP203,SURG203,ENT Surgical Pack-4,7,7,True,AVAILABLE,2026-09-16 13:30:00
SUP204,SURG204,General Surgery Surgical Pack-5,9,9,True,AVAILABLE,2026-09-16 15:30:00
SUP205,SURG205,ENT Surgical Pack-1,4,4,True,AVAILABLE,2026-09-16 17:30:00
SUP206,SURG206,Plastic Surgery Surgical Pack-2,4,4,True,AVAILABLE,2026-09-16 19:30:00
SUP207,SURG207,Cardiology Surgical Pack-3,7,7,True,AVAILABLE,2026-09-16 21:30:00
SUP208,SURG208,Plastic Surgery Surgical Pack-4,5,5,True,AVAILABLE,2026-09-16 07:30:00
SUP209,SURG209,ENT Surgical Pack-5,5,5,True,AVAILABLE,2026-09-16 09:30:00
SUP210,SURG210,Orthopaedics Surgical Pack-1,6,6,True,AVAILABLE,2026-09-16 11:30:00
SUP211,SURG211,ENT Surgical Pack-2,10,10,True,AVAILABLE,2026-09-16 13:30:00
SUP212,SURG212,Orthopaedics Surgical Pack-3,9,7,True,PARTIAL,2026-09-16 15:30:00
SUP213,SURG213,Obstetrics & Gynaecology Surgical Pack-4,4,4,True,AVAILABLE,2026-09-16 17:30:00
SUP214,SURG214,Cardiology Surgical Pack-5,7,7,True,AVAILABLE,2026-09-16 19:30:00
SUP215,SURG215,Obstetrics & Gynaecology Surgical Pack-1,7,7,True,AVAILABLE,2026-09-16 21:30:00
SUP216,SURG216,Cardiology Surgical Pack-2,3,3,True,AVAILABLE,2026-09-16 07:30:00
SUP217,SURG217,Neurology Surgical Pack-3,3,3,True,AVAILABLE,2026-09-16 09:30:00
SUP218,SURG218,Orthopaedics Surgical Pack-4,9,9,True,AVAILABLE,2026-09-16 11:30:00
SUP219,SURG219,Neurology Surgical Pack-5,10,10,True,AVAILABLE,2026-09-16 13:30:00
SUP220,SURG220,Plastic Surgery Surgical Pack-1,6,6,True,AVAILABLE,2026-09-16 15:30:00
SUP221,SURG221,Orthopaedics Surgical Pack-2,9,9,True,AVAILABLE,2026-09-16 17:30:00
SUP222,SURG222,General Surgery Surgical Pack-3,6,6,True,AVAILABLE,2026-09-16 19:30:00
SUP223,SURG223,Orthopaedics Surgical Pack-4,7,7,True,AVAILABLE,2026-09-16 21:30:00
SUP224,SURG224,General Surgery Surgical Pack-5,8,8,True,AVAILABLE,2026-09-16 07:30:00
SUP225,SURG225,Urology Surgical Pack-1,7,7,True,AVAILABLE,2026-09-17 09:30:00
SUP226,SURG226,Urology Surgical Pack-2,9,9,True,AVAILABLE,2026-09-17 11:30:00
SUP227,SURG227,Neurology Surgical Pack-3,4,4,True,AVAILABLE,2026-09-17 13:30:00
SUP228,SURG228,Cardiology Surgical Pack-4,10,10,True,AVAILABLE,2026-09-17 15:30:00
SUP229,SURG229,General Surgery Surgical Pack-5,5,5,True,AVAILABLE,2026-09-17 17:30:00
SUP230,SURG230,Cardiology Surgical Pack-1,6,6,True,AVAILABLE,2026-09-17 19:30:00
SUP231,SURG231,Obstetrics & Gynaecology Surgical Pack-2,3,3,True,AVAILABLE,2026-09-17 21:30:00
SUP232,SURG232,Orthopaedics Surgical Pack-3,9,9,True,AVAILABLE,2026-09-17 07:30:00
SUP233,SURG233,Obstetrics & Gynaecology Surgical Pack-4,10,10,True,AVAILABLE,2026-09-17 09:30:00
SUP234,SURG234,Neurology Surgical Pack-5,8,8,True,AVAILABLE,2026-09-17 11:30:00
SUP235,SURG235,General Surgery Surgical Pack-1,8,8,True,AVAILABLE,2026-09-17 13:30:00
SUP236,SURG236,General Surgery Surgical Pack-2,10,10,True,AVAILABLE,2026-09-17 15:30:00
SUP237,SURG237,Urology Surgical Pack-3,9,9,True,AVAILABLE,2026-09-17 17:30:00
SUP238,SURG238,Obstetrics & Gynaecology Surgical Pack-4,8,8,True,AVAILABLE,2026-09-17 19:30:00
SUP239,SURG239,Neurology Surgical Pack-5,4,4,True,AVAILABLE,2026-09-17 21:30:00
SUP240,SURG240,Plastic Surgery Surgical Pack-1,4,4,True,AVAILABLE,2026-09-17 07:30:00
SUP241,SURG241,Orthopaedics Surgical Pack-2,4,4,True,AVAILABLE,2026-09-17 09:30:00
SUP242,SURG242,Plastic Surgery Surgical Pack-3,5,5,True,AVAILABLE,2026-09-17 11:30:00
SUP243,SURG243,ENT Surgical Pack-4,4,4,True,AVAILABLE,2026-09-17 13:30:00
SUP244,SURG244,Cardiology Surgical Pack-5,7,7,True,AVAILABLE,2026-09-17 15:30:00
SUP245,SURG245,Obstetrics & Gynaecology Surgical Pack-1,3,3,True,AVAILABLE,2026-09-17 17:30:00
SUP246,SURG246,ENT Surgical Pack-2,9,9,True,AVAILABLE,2026-09-17 19:30:00
SUP247,SURG247,Cardiology Surgical Pack-3,5,5,True,AVAILABLE,2026-09-17 21:30:00
SUP248,SURG248,Neurology Surgical Pack-4,4,4,True,AVAILABLE,2026-09-17 07:30:00
SUP249,SURG249,General Surgery Surgical Pack-5,4,4,True,AVAILABLE,2026-09-17 09:30:00
SUP250,SURG250,Orthopaedics Surgical Pack-1,9,9,True,AVAILABLE,2026-09-17 11:30:00
SUP251,SURG251,Obstetrics & Gynaecology Surgical Pack-2,7,7,True,AVAILABLE,2026-09-17 13:30:00
SUP252,SURG252,Plastic Surgery Surgical Pack-3,4,4,True,AVAILABLE,2026-09-17 15:30:00
SUP253,SURG253,General Surgery Surgical Pack-4,9,9,True,AVAILABLE,2026-09-17 17:30:00
SUP254,SURG254,Orthopaedics Surgical Pack-5,6,6,True,AVAILABLE,2026-09-17 19:30:00
SUP255,SURG255,Obstetrics & Gynaecology Surgical Pack-1,10,10,True,AVAILABLE,2026-09-17 21:30:00
SUP256,SURG256,ENT Surgical Pack-2,6,6,True,AVAILABLE,2026-09-17 07:30:00
SUP257,SURG257,Plastic Surgery Surgical Pack-3,3,3,True,AVAILABLE,2026-09-18 09:30:00
SUP258,SURG258,Plastic Surgery Surgical Pack-4,9,9,True,AVAILABLE,2026-09-18 11:30:00
SUP259,SURG259,Cardiology Surgical Pack-5,7,7,True,AVAILABLE,2026-09-18 13:30:00
SUP260,SURG260,Obstetrics & Gynaecology Surgical Pack-1,7,7,True,AVAILABLE,2026-09-18 15:30:00
SUP261,SURG261,Neurology Surgical Pack-2,5,5,True,AVAILABLE,2026-09-18 17:30:00
SUP262,SURG262,Obstetrics & Gynaecology Surgical Pack-3,7,7,True,AVAILABLE,2026-09-18 19:30:00
SUP263,SURG263,Plastic Surgery Surgical Pack-4,4,4,True,AVAILABLE,2026-09-18 21:30:00
SUP264,SURG264,General Surgery Surgical Pack-5,10,10,True,AVAILABLE,2026-09-18 07:30:00
SUP265,SURG265,Obstetrics & Gynaecology Surgical Pack-1,6,6,True,AVAILABLE,2026-09-18 09:30:00
SUP266,SURG266,ENT Surgical Pack-2,3,3,True,AVAILABLE,2026-09-18 11:30:00
SUP267,SURG267,Neurology Surgical Pack-3,4,3,True,PARTIAL,2026-09-18 13:30:00
SUP268,SURG268,ENT Surgical Pack-4,10,10,True,AVAILABLE,2026-09-18 15:30:00
SUP269,SURG269,General Surgery Surgical Pack-5,5,5,True,AVAILABLE,2026-09-18 17:30:00
SUP270,SURG270,Cardiology Surgical Pack-1,9,9,True,AVAILABLE,2026-09-18 19:30:00
SUP271,SURG271,Orthopaedics Surgical Pack-2,7,7,True,AVAILABLE,2026-09-18 21:30:00
SUP272,SURG272,Plastic Surgery Surgical Pack-3,7,7,True,AVAILABLE,2026-09-18 07:30:00
SUP273,SURG273,Obstetrics & Gynaecology Surgical Pack-4,4,4,True,AVAILABLE,2026-09-18 09:30:00
SUP274,SURG274,Plastic Surgery Surgical Pack-5,3,3,True,AVAILABLE,2026-09-18 11:30:00
SUP275,SURG275,Orthopaedics Surgical Pack-1,10,10,True,AVAILABLE,2026-09-18 13:30:00
SUP276,SURG276,ENT Surgical Pack-2,10,10,True,AVAILABLE,2026-09-18 15:30:00
SUP277,SURG277,ENT Surgical Pack-3,5,5,True,AVAILABLE,2026-09-18 17:30:00
SUP278,SURG278,ENT Surgical Pack-4,8,8,True,AVAILABLE,2026-09-18 19:30:00
SUP279,SURG279,Orthopaedics Surgical Pack-5,10,10,True,AVAILABLE,2026-09-18 21:30:00
SUP280,SURG280,Urology Surgical Pack-1,9,9,True,MISSING,2026-09-18 07:30:00
SUP281,SURG281,Cardiology Surgical Pack-2,9,9,True,AVAILABLE,2026-09-18 09:30:00
SUP282,SURG282,Plastic Surgery Surgical Pack-3,10,10,True,AVAILABLE,2026-09-18 11:30:00
SUP283,SURG283,Obstetrics & Gynaecology Surgical Pack-4,4,4,True,AVAILABLE,2026-09-18 13:30:00
SUP284,SURG284,Neurology Surgical Pack-5,9,9,True,AVAILABLE,2026-09-18 15:30:00
SUP285,SURG285,Cardiology Surgical Pack-1,5,5,True,AVAILABLE,2026-09-18 17:30:00
SUP286,SURG286,General Surgery Surgical Pack-2,8,8,True,AVAILABLE,2026-09-18 19:30:00
SUP287,SURG287,Plastic Surgery Surgical Pack-3,7,7,True,AVAILABLE,2026-09-18 21:30:00
SUP288,SURG288,General Surgery Surgical Pack-4,10,10,True,AVAILABLE,2026-09-18 07:30:00
SUP289,SURG289,General Surgery Surgical Pack-5,5,5,True,AVAILABLE,2026-09-19 09:30:00
SUP290,SURG290,Neurology Surgical Pack-1,9,9,True,AVAILABLE,2026-09-19 11:30:00
SUP291,SURG291,Neurology Surgical Pack-2,6,6,True,AVAILABLE,2026-09-19 13:30:00
SUP292,SURG292,Cardiology Surgical Pack-3,7,7,True,AVAILABLE,2026-09-19 15:30:00
SUP293,SURG293,Orthopaedics Surgical Pack-4,7,7,True,AVAILABLE,2026-09-19 17:30:00
SUP294,SURG294,General Surgery Surgical Pack-5,4,4,True,AVAILABLE,2026-09-19 19:30:00
SUP295,SURG295,Neurology Surgical Pack-1,3,3,True,AVAILABLE,2026-09-19 21:30:00
SUP296,SURG296,ENT Surgical Pack-2,7,7,True,AVAILABLE,2026-09-19 07:30:00
SUP297,SURG297,Cardiology Surgical Pack-3,9,9,True,AVAILABLE,2026-09-19 09:30:00
SUP298,SURG298,Obstetrics & Gynaecology Surgical Pack-4,5,5,True,AVAILABLE,2026-09-19 11:30:00
SUP299,SURG299,ENT Surgical Pack-5,4,4,True,AVAILABLE,2026-09-19 13:30:00
SUP300,SURG300,Plastic Surgery Surgical Pack-1,3,3,True,AVAILABLE,2026-09-19 15:30:00
SUP301,SURG301,Urology Surgical Pack-2,5,5,True,AVAILABLE,2026-09-19 17:30:00
SUP302,SURG302,Obstetrics & Gynaecology Surgical Pack-3,5,5,True,AVAILABLE,2026-09-19 19:30:00
SUP303,SURG303,Orthopaedics Surgical Pack-4,4,4,True,AVAILABLE,2026-09-19 21:30:00
SUP304,SURG304,Plastic Surgery Surgical Pack-5,7,7,True,AVAILABLE,2026-09-19 07:30:00
SUP305,SURG305,Neurology Surgical Pack-1,8,8,True,AVAILABLE,2026-09-19 09:30:00
SUP306,SURG306,General Surgery Surgical Pack-2,4,4,True,AVAILABLE,2026-09-19 11:30:00
SUP307,SURG307,Plastic Surgery Surgical Pack-3,7,7,True,AVAILABLE,2026-09-19 13:30:00
SUP308,SURG308,General Surgery Surgical Pack-4,5,5,True,AVAILABLE,2026-09-19 15:30:00
SUP309,SURG309,Urology Surgical Pack-5,6,6,True,AVAILABLE,2026-09-19 17:30:00
SUP310,SURG310,Cardiology Surgical Pack-1,5,5,True,AVAILABLE,2026-09-19 19:30:00
SUP311,SURG311,ENT Surgical Pack-2,10,10,True,AVAILABLE,2026-09-19 21:30:00
SUP312,SURG312,Neurology Surgical Pack-3,4,4,True,AVAILABLE,2026-09-19 07:30:00
SUP313,SURG313,Neurology Surgical Pack-4,3,3,True,AVAILABLE,2026-09-19 09:30:00
SUP314,SURG314,Urology Surgical Pack-5,10,10,True,AVAILABLE,2026-09-19 11:30:00
SUP315,SURG315,General Surgery Surgical Pack-1,4,4,True,AVAILABLE,2026-09-19 13:30:00
SUP316,SURG316,ENT Surgical Pack-2,10,10,True,AVAILABLE,2026-09-19 15:30:00
SUP317,SURG317,ENT Surgical Pack-3,9,9,True,AVAILABLE,2026-09-19 17:30:00
SUP318,SURG318,Urology Surgical Pack-4,4,4,True,AVAILABLE,2026-09-19 19:30:00
SUP319,SURG319,Orthopaedics Surgical Pack-5,8,8,True,AVAILABLE,2026-09-19 21:30:00
SUP320,SURG320,ENT Surgical Pack-1,9,9,True,AVAILABLE,2026-09-19 07:30:00
