session_id,surgery_id,theatre_id,department,procedure_type,scheduled_start,scheduled_end,actual_start,actual_end,priority,previous_session_overrun
SESSION001,SURG001,OT002,Orthopaedics,Fracture Fixation,2026-09-10 10:00:00,2026-09-10 11:30:00,2026-09-10 11:54:00,2026-09-10 13:24:00,Emergency,No
SESSION002,SURG002,OT004,Neurology,Craniotomy,2026-09-10 12:00:00,2026-09-10 15:00:00,2026-09-10 12:57:00,2026-09-10 15:57:00,Normal,No
SESSION003,SURG003,OT002,Cardiology,Pacemaker Implantation,2026-09-10 14:00:00,2026-09-10 15:00:00,2026-09-10 14:00:00,2026-09-10 15:00:00,Normal,No
SESSION004,SURG004,OT005,Obstetrics & Gynaecology,Hysterectomy,2026-09-10 16:00:00,2026-09-10 17:00:00,2026-09-10 16:19:00,2026-09-10 17:19:00,Normal,No
SESSION005,SURG005,OT006,Obstetrics & Gynaecology,Hysterectomy,2026-09-10 18:00:00,2026-09-10 20:00:00,2026-09-10 18:00:00,2026-09-10 20:00:00,Normal,No
SESSION006,SURG006,OT004,Obstetrics & Gynaecology,Cesarean Section,2026-09-10 20:00:00,2026-09-10 21:30:00,2026-09-10 20:00:00,2026-09-10 21:30:00,High,No
SESSION007,SURG007,OT008,ENT,Sinus Surgery,2026-09-10 22:00:00,2026-09-10 23:30:00,2026-09-10 23:56:00,2026-09-11 01:26:00,Emergency,No
SESSION008,SURG008,OT003,Plastic Surgery,Reconstructive Surgery,2026-09-10 08:00:00,2026-09-10 09:00:00,2026-09-10 08:00:00,2026-09-10 09:00:00,Normal,No
SESSION009,SURG009,OT005,Orthopaedics,Knee Replacement,2026-09-10 10:00:00,2026-09-10 13:00:00,2026-09-10 10:00:00,2026-09-10 13:00:00,Normal,No
SESSION010,SURG010,OT005,General Surgery,Laparoscopic Cholecystectomy,2026-09-10 12:00:00,2026-09-10 14:00:00,2026-09-10 12:00:00,2026-09-10 14:00:00,Normal,No
SESSION011,SURG011,OT001,Cardiology,Valve Replacement,2026-09-10 14:00:00,2026-09-10 16:00:00,2026-09-10 14:27:00,2026-09-10 16:27:00,Normal,Yes
SESSION012,SURG012,OT003,Urology,TURP,2026-09-10 16:00:00,2026-09-10 17:30:00,2026-09-10 16:00:00,2026-09-10 17:30:00,Normal,No
SESSION013,SURG013,OT004,Neurology,Craniotomy,2026-09-10 18:00:00,2026-09-10 20:00:00,2026-09-10 18:32:00,2026-09-10 20:32:00,Normal,Yes
SESSION014,SURG014,OT006,Cardiology,Angioplasty,2026-09-10 20:00:00,2026-09-10 22:00:00,2026-09-10 20:00:00,2026-09-10 22:00:00,Normal,No
SESSION015,SURG015,OT002,Cardiology,Pacemaker Implantation,2026-09-10 22:00:00,2026-09-11 00:00:00,2026-09-10 22:00:00,2026-09-11 00:00:00,Normal,No
SESSION016,SURG016,OT004,Neurology,Spinal Fusion,2026-09-10 08:00:00,2026-09-10 11:00:00,2026-09-10 08:00:00,2026-09-10 11:00:00,Normal,No
SESSION017,SURG017,OT002,Orthopaedics,Knee Replacement,2026-09-10 10:00:00,2026-09-10 11:00:00,2026-09-10 10:00:00,2026-09-10 11:00:00,Normal,No
SESSION018,SURG018,OT001,General Surgery,Colectomy,2026-09-10 12:00:00,2026-09-10 13:00:00,2026-09-10 12:00:00,2026-09-10 13:00:00,High,No
SESSION019,SURG019,OT005,Neurology,Craniotomy,2026-09-10 14:00:00,2026-09-10 17:00:00,2026-09-10 14:00:00,2026-09-10 17:00:00,Normal,No
SESSION020,SURG020,OT002,General Surgery,Laparoscopic Cholecystectomy,2026-09-10 16:00:00,2026-09-10 19:00:00,2026-09-10 16:33:00,2026-09-10 19:33:00,Normal,No
SESSION021,SURG021,OT004,Obstetrics & Gynaecology,Hysterectomy,2026-09-10 18:00:00,2026-09-10 20:00:00,2026-09-10 18:00:00,2026-09-10 20:00:00,High,No
SESSION022,SURG022,OT002,Neurology,Microdiscectomy,2026-09-10 20:00:00,2026-09-10 21:30:00,2026-09-10 20:00:00,2026-09-10 21:30:00,Normal,No
SESSION023,SURG023,OT001,Urology,Prostatectomy,2026-09-10 22:00:00,2026-09-10 23:30:00,2026-09-10 23:55:00,2026-09-11 01:25:00,Emergency,No
SESSION024,SURG024,OT004,Urology,TURP,2026-09-10 08:00:00,2026-09-10 10:00:00,2026-09-10 08:00:00,2026-09-10 10:00:00,Normal,No
SESSION025,SURG025,OT003,Urology,Nephrectomy,2026-09-10 10:00:00,2026-09-10 12:30:00,2026-09-10 10:00:00,2026-09-10 12:30:00,Normal,No
SESSION026,SURG026,OT003,ENT,Septoplasty,2026-09-10 12:00:00,2026-09-10 13:00:00,2026-09-10 13:13:00,2026-09-10 14:13:00,Normal,No
SESSION027,SURG027,OT003,ENT,Tonsillectomy,2026-09-10 14:00:00,2026-09-10 15:30:00,2026-09-10 14:00:00,2026-09-10 15:30:00,High,No
SESSION028,SURG028,OT001,Plastic Surgery,Skin Grafting,2026-09-10 16:00:00,2026-09-10 17:30:00,2026-09-10 16:00:00,2026-09-10 17:30:00,Normal,No
SESSION029,SURG029,OT007,Obstetrics & Gynaecology,Ovarian Cystectomy,2026-09-10 18:00:00,2026-09-10 19:00:00,2026-09-10 18:00:00,2026-09-10 19:00:00,Normal,No
SESSION030,SURG030,OT003,Urology,Prostatectomy,2026-09-10 20:00:00,2026-09-10 21:00:00,2026-09-10 20:00:00,2026-09-10 21:00:00,Normal,No
SESSION031,SURG031,OT001,ENT,Tonsillectomy,2026-09-10 22:00:00,2026-09-11 01:00:00,2026-09-10 22:00:00,2026-09-11 01:00:00,Normal,No
SESSION032,SURG032,OT005,Urology,TURP,2026-09-10 08:00:00,2026-09-10 10:00:00,2026-09-10 08:00:00,2026-09-10 10:00:00,Normal,No
SESSION033,SURG033,OT007,Orthopaedics,Fracture Fixation,2026-09-11 10:00:00,2026-09-11 12:00:00,2026-09-11 10:29:00,2026-09-11 12:29:00,Normal,No
SESSION034,SURG034,OT002,Neurology,Microdiscectomy,2026-09-11 12:00:00,2026-09-11 13:30:00,2026-09-11 12:00:00,2026-09-11 13:30:00,Normal,No
SESSION035,SURG035,OT007,Neurology,Brain Tumor Resection,2026-09-11 14:00:00,2026-09-11 16:30:00,2026-09-11 14:00:00,2026-09-11 16:30:00,Normal,No
SESSION036,SURG036,OT001,Neurology,Craniotomy,2026-09-11 16:00:00,2026-09-11 18:30:00,2026-09-11 17:52:00,2026-09-11 20:22:00,Emergency,No
SESSION037,SURG037,OT008,Plastic Surgery,Rhinoplasty,2026-09-11 18:00:00,2026-09-11 19:30:00,2026-09-11 18:00:00,2026-09-11 19:30:00,High,No
SESSION038,SURG038,OT004,Urology,Kidney Stone Removal,2026-09-11 20:00:00,2026-09-11 22:00:00,2026-09-11 20:00:00,2026-09-11 22:00:00,Normal,No
SESSION039,SURG039,OT002,ENT,Sinus Surgery,2026-09-11 22:00:00,2026-09-12 00:00:00,2026-09-11 22:00:00,2026-09-12 00:00:00,Normal,No
SESSION040,SURG040,OT008,Orthopaedics,Fracture Fixation,2026-09-11 08:00:00,2026-09-11 10:00:00,2026-09-11 08:00:00,2026-09-11 10:00:00,Normal,No
SESSION041,SURG041,OT001,ENT,Tympanoplasty,2026-09-11 10:00:00,2026-09-11 12:30:00,2026-09-11 10:00:00,2026-09-11 12:30:00,Normal,No
SESSION042,SURG042,OT003,Plastic Surgery,Skin Grafting,2026-09-11 12:00:00,2026-09-11 13:00:00,2026-09-11 12:40:00,2026-09-11 13:40:00,Normal,No
SESSION043,SURG043,OT006,Neurology,Craniotomy,2026-09-11 14:00:00,2026-09-11 15:00:00,2026-09-11 14:00:00,2026-09-11 15:00:00,Normal,No
SESSION044,SURG044,OT002,Neurology,Brain Tumor Resection,2026-09-11 16:00:00,2026-09-11 18:00:00,2026-09-11 16:00:00,2026-09-11 18:00:00,Normal,No
SESSION045,SURG045,OT007,ENT,Septoplasty,2026-09-11 18:00:00,2026-09-11 19:00:00,2026-09-11 18:00:00,2026-09-11 19:00:00,Normal,No
SESSION046,SURG046,OT006,Cardiology,Valve Replacement,2026-09-11 20:00:00,2026-09-11 21:00:00,2026-09-11 20:00:00,2026-09-11 21:00:00,Normal,No
SESSION047,SURG047,OT003,Urology,TURP,2026-09-11 22:00:00,2026-09-12 00:30:00,2026-09-11 22:00:00,2026-09-12 00:30:00,Normal,No
SESSION048,SURG048,OT008,ENT,Tympanoplasty,2026-09-11 08:00:00,2026-09-11 09:00:00,2026-09-11 08:00:00,2026-09-11 09:00:00,Normal,No
SESSION049,SURG049,OT005,Urology,Prostatectomy,2026-09-11 10:00:00,2026-09-11 13:00:00,2026-09-11 10:00:00,2026-09-11 13:00:00,Normal,No
SESSION050,SURG050,OT008,Orthopaedics,Knee Replacement,2026-09-11 12:00:00,2026-09-11 14:00:00,2026-09-11 13:00:00,2026-09-11 15:00:00,Normal,No
SESSION051,SURG051,OT004,Obstetrics & Gynaecology,Cesarean Section,2026-09-11 14:00:00,2026-09-11 17:00:00,2026-09-11 14:00:00,2026-09-11 17:00:00,Normal,No
SESSION052,SURG052,OT004,Urology,Nephrectomy,2026-09-11 16:00:00,2026-09-11 18:00:00,2026-09-11 17:53:00,2026-09-11 19:53:00,Emergency,No
SESSION053,SURG053,OT003,Plastic Surgery,Reconstructive Surgery,2026-09-11 18:00:00,2026-09-11 19:00:00,2026-09-11 18:00:00,2026-09-11 19:00:00,High,No
SESSION054,SURG054,OT008,Cardiology,CABG,2026-09-11 20:00:00,2026-09-11 22:30:00,2026-09-11 20:00:00,2026-09-11 22:30:00,Normal,No
SESSION055,SURG055,OT007,Neurology,Brain Tumor Resection,2026-09-11 22:00:00,2026-09-12 00:30:00,2026-09-11 22:00:00,2026-09-12 00:30:00,High,No
SESSION056,SURG056,OT005,Cardiology,Angioplasty,2026-09-11 08:00:00,2026-09-11 09:30:00,2026-09-11 08:46:00,2026-09-11 10:16:00,High,No
SESSION057,SURG057,OT002,Neurology,Microdiscectomy,2026-09-11 10:00:00,2026-09-11 13:00:00,2026-09-11 10:00:00,2026-09-11 13:00:00,High,No
SESSION058,SURG058,OT002,Orthopaedics,Hip Arthroplasty,2026-09-11 12:00:00,2026-09-11 14:00:00,2026-09-11 12:00:00,2026-09-11 14:00:00,High,No
SESSION059,SURG059,OT008,Plastic Surgery,Reconstructive Surgery,2026-09-11 14:00:00,2026-09-11 17:00:00,2026-09-11 15:26:00,2026-09-11 18:26:00,Emergency,No
SESSION060,SURG060,OT005,Orthopaedics,Hip Arthroplasty,2026-09-11 16:00:00,2026-09-11 18:30:00,2026-09-11 16:00:00,2026-09-11 18:30:00,Normal,No
SESSION061,SURG061,OT006,ENT,Tympanoplasty,2026-09-11 18:00:00,2026-09-11 20:00:00,2026-09-11 18:00:00,2026-09-11 20:00:00,Normal,No
SESSION062,SURG062,OT008,Cardiology,Valve Replacement,2026-09-11 20:00:00,2026-09-11 22:00:00,2026-09-11 20:00:00,2026-09-11 22:00:00,Normal,No
SESSION063,SURG063,OT008,Plastic Surgery,Reconstructive Surgery,2026-09-11 22:00:00,2026-09-11 23:30:00,2026-09-11 23:26:00,2026-09-12 00:56:00,High,No
SESSION064,SURG064,OT002,Neurology,Craniotomy,2026-09-11 08:00:00,2026-09-11 10:30:00,2026-09-11 08:00:00,2026-09-11 10:30:00,High,No
SESSION065,SURG065,OT004,Plastic Surgery,Skin Grafting,2026-09-12 10:00:00,2026-09-12 12:30:00,2026-09-12 10:12:00,2026-09-12 12:42:00,Normal,No
SESSION066,SURG066,OT003,Plastic Surgery,Burn Debridement,2026-09-12 12:00:00,2026-09-12 14:00:00,2026-09-12 12:00:00,2026-09-12 14:00:00,High,No
SESSION067,SURG067,OT007,Orthopaedics,Fracture Fixation,2026-09-12 14:00:00,2026-09-12 16:30:00,2026-09-12 14:00:00,2026-09-12 16:30:00,High,No
SESSION068,SURG068,OT002,Plastic Surgery,Reconstructive Surgery,2026-09-12 16:00:00,2026-09-12 19:00:00,2026-09-12 16:00:00,2026-09-12 19:00:00,Normal,No
SESSION069,SURG069,OT006,ENT,Tonsillectomy,2026-09-12 18:00:00,2026-09-12 20:00:00,2026-09-12 18:00:00,2026-09-12 20:00:00,Normal,No
SESSION070,SURG070,OT004,Cardiology,Pacemaker Implantation,2026-09-12 20:00:00,2026-09-12 21:00:00,2026-09-12 20:00:00,2026-09-12 21:00:00,High,No
SESSION071,SURG071,OT001,Urology,Kidney Stone Removal,2026-09-12 22:00:00,2026-09-13 00:00:00,2026-09-12 22:00:00,2026-09-13 00:00:00,High,No
SESSION072,SURG072,OT004,Plastic Surgery,Skin Grafting,2026-09-12 08:00:00,2026-09-12 09:30:00,2026-09-12 08:00:00,2026-09-12 09:30:00,High,No
SESSION073,SURG073,OT002,Plastic Surgery,Rhinoplasty,2026-09-12 10:00:00,2026-09-12 13:00:00,2026-09-12 11:17:00,2026-09-12 14:17:00,Emergency,No
SESSION074,SURG074,OT002,Neurology,Brain Tumor Resection,2026-09-12 12:00:00,2026-09-12 15:00:00,2026-09-12 12:00:00,2026-09-12 15:00:00,Normal,No
SESSION075,SURG075,OT008,Urology,Nephrectomy,2026-09-12 14:00:00,2026-09-12 17:00:00,2026-09-12 14:00:00,2026-09-12 17:00:00,Normal,No
SESSION076,SURG076,OT008,Orthopaedics,Fracture Fixation,2026-09-12 16:00:00,2026-09-12 17:30:00,2026-09-12 16:41:00,2026-09-12 18:11:00,Normal,No
SESSION077,SURG077,OT005,Obstetrics & Gynaecology,Cesarean Section,2026-09-12 18:00:00,2026-09-12 20:30:00,2026-09-12 18:00:00,2026-09-12 20:30:00,Normal,No
SESSION078,SURG078,OT005,Cardiology,Pacemaker Implantation,2026-09-12 20:00:00,2026-09-12 22:00:00,2026-09-12 20:00:00,2026-09-12 22:00:00,High,No
SESSION079,SURG079,OT006,Neurology,Craniotomy,2026-09-12 22:00:00,2026-09-13 00:30:00,2026-09-12 22:00:00,2026-09-13 00:30:00,High,No
SESSION080,SURG080,OT008,Cardiology,CABG,2026-09-12 08:00:00,2026-09-12 09:30:00,2026-09-12 08:00:00,2026-09-12 09:30:00,High,No
SESSION081,SURG081,OT002,Plastic Surgery,Burn Debridement,2026-09-12 10:00:00,2026-09-12 12:00:00,2026-09-12 10:48:00,2026-09-12 12:48:00,Normal,No
SESSION082,SURG082,OT008,Cardiology,Angioplasty,2026-09-12 12:00:00,2026-09-12 15:00:00,2026-09-12 12:00:00,2026-09-12 15:00:00,Normal,No
SESSION083,SURG083,OT004,Neurology,Microdiscectomy,2026-09-12 14:00:00,2026-09-12 15:30:00,2026-09-12 14:00:00,2026-09-12 15:30:00,Normal,No
SESSION084,SURG084,OT001,General Surgery,Laparoscopic Cholecystectomy,2026-09-12 16:00:00,2026-09-12 18:00:00,2026-09-12 16:00:00,2026-09-12 18:00:00,Normal,No
SESSION085,SURG085,OT007,Cardiology,CABG,2026-09-12 18:00:00,2026-09-12 20:30:00,2026-09-12 18:00:00,2026-09-12 20:30:00,Normal,No
SESSION086,SURG086,OT001,Orthopaedics,ACL Reconstruction,2026-09-12 20:00:00,2026-09-12 22:30:00,2026-09-12 20:00:00,2026-09-12 22:30:00,High,No
SESSION087,SURG087,OT002,General Surgery,Hernia Repair,2026-09-12 22:00:00,2026-09-13 01:00:00,2026-09-12 22:00:00,2026-09-13 01:00:00,High,No
SESSION088,SURG088,OT004,ENT,Sinus Surgery,2026-09-12 08:00:00,2026-09-12 09:30:00,2026-09-12 08:00:00,2026-09-12 09:30:00,High,No
SESSION089,SURG089,OT005,Obstetrics & Gynaecology,Hysterectomy,2026-09-12 10:00:00,2026-09-12 12:30:00,2026-09-12 10:38:00,2026-09-12 13:08:00,Normal,No
SESSION090,SURG090,OT006,ENT,Tonsillectomy,2026-09-12 12:00:00,2026-09-12 14:00:00,2026-09-12 12:00:00,2026-09-12 14:00:00,Normal,No
SESSION091,SURG091,OT006,Obstetrics & Gynaecology,Cesarean Section,2026-09-12 14:00:00,2026-09-12 16:00:00,2026-09-12 14:00:00,2026-09-12 16:00:00,Normal,No
SESSION092,SURG092,OT006,Obstetrics & Gynaecology,Cesarean Section,2026-09-12 16:00:00,2026-09-12 17:30:00,2026-09-12 16:00:00,2026-09-12 17:30:00,Normal,No
SESSION093,SURG093,OT007,Plastic Surgery,Rhinoplasty,2026-09-12 18:00:00,2026-09-12 19:30:00,2026-09-12 18:00:00,2026-09-12 19:30:00,Normal,No
SESSION094,SURG094,OT005,Plastic Surgery,Burn Debridement,2026-09-12 20:00:00,2026-09-12 22:30:00,2026-09-12 20:00:00,2026-09-12 22:30:00,Normal,No
SESSION095,SURG095,OT005,Plastic Surgery,Rhinoplasty,2026-09-12 22:00:00,2026-09-12 23:00:00,2026-09-12 22:39:00,2026-09-12 23:39:00,Normal,No
SESSION096,SURG096,OT008,ENT,Septoplasty,2026-09-12 08:00:00,2026-09-12 09:30:00,2026-09-12 08:00:00,2026-09-12 09:30:00,Normal,No
SESSION097,SURG097,OT008,Cardiology,Valve Replacement,2026-09-13 10:00:00,2026-09-13 13:00:00,2026-09-13 10:00:00,2026-09-13 13:00:00,High,No
SESSION098,SURG098,OT003,Plastic Surgery,Rhinoplasty,2026-09-13 12:00:00,2026-09-13 13:00:00,2026-09-13 12:00:00,2026-09-13 13:00:00,Normal,No
SESSION099,SURG099,OT006,Neurology,Microdiscectomy,2026-09-13 14:00:00,2026-09-13 15:30:00,2026-09-13 14:41:00,2026-09-13 16:11:00,Normal,Yes
SESSION100,SURG100,OT003,Urology,Nephrectomy,2026-09-13 16:00:00,2026-09-13 17:30:00,2026-09-13 16:00:00,2026-09-13 17:30:00,Normal,No
SESSION101,SURG101,OT003,Plastic Surgery,Reconstructive Surgery,2026-09-13 18:00:00,2026-09-13 20:30:00,2026-09-13 18:00:00,2026-09-13 20:30:00,Normal,No
SESSION102,SURG102,OT008,Orthopaedics,Knee Replacement,2026-09-13 20:00:00,2026-09-13 22:00:00,2026-09-13 20:00:00,2026-09-13 22:00:00,Normal,No
SESSION103,SURG103,OT006,Plastic Surgery,Skin Grafting,2026-09-13 22:00:00,2026-09-13 23:00:00,2026-09-13 22:00:00,2026-09-13 23:00:00,Normal,No
SESSION104,SURG104,OT003,Obstetrics & Gynaecology,Ovarian Cystectomy,2026-09-13 08:00:00,2026-09-13 10:00:00,2026-09-13 08:00:00,2026-09-13 10:00:00,Normal,No
SESSION105,SURG105,OT005,Urology,Nephrectomy,2026-09-13 10:00:00,2026-09-13 12:00:00,2026-09-13 11:11:00,2026-09-13 13:11:00,High,No
SESSION106,SURG106,OT002,ENT,Tympanoplasty,2026-09-13 12:00:00,2026-09-13 13:00:00,2026-09-13 12:00:00,2026-09-13 13:00:00,Normal,No
SESSION107,SURG107,OT003,Cardiology,Valve Replacement,2026-09-13 14:00:00,2026-09-13 15:00:00,2026-09-13 14:00:00,2026-09-13 15:00:00,Normal,No
SESSION108,SURG108,OT003,Plastic Surgery,Reconstructive Surgery,2026-09-13 16:00:00,2026-09-13 18:30:00,2026-09-13 16:00:00,2026-09-13 18:30:00,High,No
SESSION109,SURG109,OT008,Neurology,Microdiscectomy,2026-09-13 18:00:00,2026-09-13 21:00:00,2026-09-13 18:00:00,2026-09-13 21:00:00,Normal,No
SESSION110,SURG110,OT005,Orthopaedics,ACL Reconstruction,2026-09-13 20:00:00,2026-09-13 22:00:00,2026-09-13 20:00:00,2026-09-13 22:00:00,Normal,No
SESSION111,SURG111,OT003,ENT,Tonsillectomy,2026-09-13 22:00:00,2026-09-13 23:30:00,2026-09-13 22:00:00,2026-09-13 23:30:00,Normal,No
SESSION112,SURG112,OT007,Cardiology,Valve Replacement,2026-09-13 08:00:00,2026-09-13 09:30:00,2026-09-13 08:30:00,2026-09-13 10:00:00,Normal,No
SESSION113,SURG113,OT008,Plastic Surgery,Reconstructive Surgery,2026-09-13 10:00:00,2026-09-13 11:00:00,2026-09-13 10:14:00,2026-09-13 11:14:00,High,No
SESSION114,SURG114,OT002,Cardiology,Pacemaker Implantation,2026-09-13 12:00:00,2026-09-13 15:00:00,2026-09-13 12:00:00,2026-09-13 15:00:00,Normal,No
SESSION115,SURG115,OT007,General Surgery,Laparoscopic Cholecystectomy,2026-09-13 14:00:00,2026-09-13 17:00:00,2026-09-13 14:00:00,2026-09-13 17:00:00,Normal,No
SESSION116,SURG116,OT005,Orthopaedics,Fracture Fixation,2026-09-13 16:00:00,2026-09-13 17:00:00,2026-09-13 16:00:00,2026-09-13 17:00:00,Normal,No
SESSION117,SURG117,OT008,Plastic Surgery,Skin Grafting,2026-09-13 18:00:00,2026-09-13 19:30:00,2026-09-13 18:40:00,2026-09-13 20:10:00,Normal,No
SESSION118,SURG118,OT005,Orthopaedics,Hip Arthroplasty,2026-09-13 20:00:00,2026-09-13 22:00:00,2026-09-13 20:00:00,2026-09-13 22:00:00,Normal,No
SESSION119,SURG119,OT008,ENT,Tympanoplasty,2026-09-13 22:00:00,2026-09-13 23:30:00,2026-09-13 22:00:00,2026-09-13 23:30:00,Normal,No
SESSION120,SURG120,OT003,Urology,Kidney Stone Removal,2026-09-13 08:00:00,2026-09-13 09:00:00,2026-09-13 09:08:00,2026-09-13 10:08:00,High,No
SESSION121,SURG121,OT007,Urology,Prostatectomy,2026-09-13 10:00:00,2026-09-13 11:00:00,2026-09-13 10:00:00,2026-09-13 11:00:00,Normal,No
SESSION122,SURG122,OT003,Cardiology,Angioplasty,2026-09-13 12:00:00,2026-09-13 14:00:00,2026-09-13 12:00:00,2026-09-13 14:00:00,Normal,No
SESSION123,SURG123,OT003,Obstetrics & Gynaecology,Myomectomy,2026-09-13 14:00:00,2026-09-13 16:00:00,2026-09-13 14:00:00,2026-09-13 16:00:00,Normal,No
SESSION124,SURG124,OT005,Urology,TURP,2026-09-13 16:00:00,2026-09-13 17:30:00,2026-09-13 16:00:00,2026-09-13 17:30:00,High,No
SESSION125,SURG125,OT003,Plastic Surgery,Reconstructive Surgery,2026-09-13 18:00:00,2026-09-13 20:00:00,2026-09-13 18:00:00,2026-09-13 20:00:00,Normal,No
SESSION126,SURG126,OT002,Neurology,Spinal Fusion,2026-09-13 20:00:00,2026-09-13 21:30:00,2026-09-13 20:00:00,2026-09-13 21:30:00,Normal,No
SESSION127,SURG127,OT005,ENT,Sinus Surgery,2026-09-13 22:00:00,2026-09-14 01:00:00,2026-09-13 22:00:00,2026-09-14 01:00:00,Normal,No
SESSION128,SURG128,OT006,General Surgery,Appendectomy,2026-09-13 08:00:00,2026-09-13 09:30:00,2026-09-13 08:00:00,2026-09-13 09:30:00,Normal,No
SESSION129,SURG129,OT004,Obstetrics & Gynaecology,Ovarian Cystectomy,2026-09-14 10:00:00,2026-09-14 11:00:00,2026-09-14 10:39:00,2026-09-14 11:39:00,Normal,No
SESSION130,SURG130,OT002,Orthopaedics,Fracture Fixation,2026-09-14 12:00:00,2026-09-14 13:30:00,2026-09-14 12:00:00,2026-09-14 13:30:00,Normal,No
SESSION131,SURG131,OT007,Urology,TURP,2026-09-14 14:00:00,2026-09-14 15:00:00,2026-09-14 14:00:00,2026-09-14 15:00:00,High,No
SESSION132,SURG132,OT003,Obstetrics & Gynaecology,Ovarian Cystectomy,2026-09-14 16:00:00,2026-09-14 18:00:00,2026-09-14 16:00:00,2026-09-14 18:00:00,Normal,No
SESSION133,SURG133,OT005,Plastic Surgery,Skin Grafting,2026-09-14 18:00:00,2026-09-14 19:30:00,2026-09-14 18:22:00,2026-09-14 19:52:00,Normal,No
SESSION134,SURG134,OT008,Plastic Surgery,Rhinoplasty,2026-09-14 20:00:00,2026-09-14 22:30:00,2026-09-14 20:39:00,2026-09-14 23:09:00,Normal,Yes
SESSION135,SURG135,OT008,Plastic Surgery,Rhinoplasty,2026-09-14 22:00:00,2026-09-15 01:00:00,2026-09-14 22:23:00,2026-09-15 01:23:00,Normal,No
SESSION136,SURG136,OT004,Obstetrics & Gynaecology,Ovarian Cystectomy,2026-09-14 08:00:00,2026-09-14 09:00:00,2026-09-14 08:00:00,2026-09-14 09:00:00,Normal,No
SESSION137,SURG137,OT006,Obstetrics & Gynaecology,Hysterectomy,2026-09-14 10:00:00,2026-09-14 11:30:00,2026-09-14 10:00:00,2026-09-14 11:30:00,Normal,No
SESSION138,SURG138,OT008,General Surgery,Appendectomy,2026-09-14 12:00:00,2026-09-14 14:00:00,2026-09-14 12:00:00,2026-09-14 14:00:00,Normal,No
SESSION139,SURG139,OT008,Orthopaedics,Fracture Fixation,2026-09-14 14:00:00,2026-09-14 16:00:00,2026-09-14 14:00:00,2026-09-14 16:00:00,Normal,No
SESSION140,SURG140,OT008,General Surgery,Colectomy,2026-09-14 16:00:00,2026-09-14 17:30:00,2026-09-14 16:00:00,2026-09-14 17:30:00,Normal,No
SESSION141,SURG141,OT007,General Surgery,Colectomy,2026-09-14 18:00:00,2026-09-14 19:30:00,2026-09-14 18:00:00,2026-09-14 19:30:00,Normal,No
SESSION142,SURG142,OT006,General Surgery,Colectomy,2026-09-14 20:00:00,2026-09-14 23:00:00,2026-09-14 20:00:00,2026-09-14 23:00:00,Normal,No
SESSION143,SURG143,OT004,Urology,Kidney Stone Removal,2026-09-14 22:00:00,2026-09-14 23:30:00,2026-09-14 22:00:00,2026-09-14 23:30:00,Normal,No
SESSION144,SURG144,OT007,ENT,Tympanoplasty,2026-09-14 08:00:00,2026-09-14 09:30:00,2026-09-14 08:55:00,2026-09-14 10:25:00,Emergency,No
SESSION145,SURG145,OT004,Urology,Kidney Stone Removal,2026-09-14 10:00:00,2026-09-14 11:30:00,2026-09-14 10:53:00,2026-09-14 12:23:00,Normal,No
SESSION146,SURG146,OT001,General Surgery,Colectomy,2026-09-14 12:00:00,2026-09-14 14:30:00,2026-09-14 12:00:00,2026-09-14 14:30:00,Normal,No
SESSION147,SURG147,OT001,General Surgery,Colectomy,2026-09-14 14:00:00,2026-09-14 15:30:00,2026-09-14 14:00:00,2026-09-14 15:30:00,High,No
SESSION148,SURG148,OT005,Cardiology,Valve Replacement,2026-09-14 16:00:00,2026-09-14 18:00:00,2026-09-14 16:00:00,2026-09-14 18:00:00,Normal,No
SESSION149,SURG149,OT003,Plastic Surgery,Rhinoplasty,2026-09-14 18:00:00,2026-09-14 19:30:00,2026-09-14 18:19:00,2026-09-14 19:49:00,Normal,No
SESSION150,SURG150,OT003,Plastic Surgery,Rhinoplasty,2026-09-14 20:00:00,2026-09-14 21:30:00,2026-09-14 20:37:00,2026-09-14 22:07:00,Normal,No
SESSION151,SURG151,OT008,Urology,Nephrectomy,2026-09-14 22:00:00,2026-09-15 00:30:00,2026-09-14 22:00:00,2026-09-15 00:30:00,Normal,No
SESSION152,SURG152,OT008,General Surgery,Colectomy,2026-09-14 08:00:00,2026-09-14 11:00:00,2026-09-14 08:00:00,2026-09-14 11:00:00,Normal,No
SESSION153,SURG153,OT002,Orthopaedics,Hip Arthroplasty,2026-09-14 10:00:00,2026-09-14 13:00:00,2026-09-14 10:00:00,2026-09-14 13:00:00,Normal,No
SESSION154,SURG154,OT008,Orthopaedics,ACL Reconstruction,2026-09-14 12:00:00,2026-09-14 13:30:00,2026-09-14 12:00:00,2026-09-14 13:30:00,Normal,No
SESSION155,SURG155,OT001,Neurology,Craniotomy,2026-09-14 14:00:00,2026-09-14 15:00:00,2026-09-14 14:00:00,2026-09-14 15:00:00,Normal,No
SESSION156,SURG156,OT003,General Surgery,Colectomy,2026-09-14 16:00:00,2026-09-14 18:00:00,2026-09-14 16:00:00,2026-09-14 18:00:00,High,No
SESSION157,SURG157,OT002,General Surgery,Colectomy,2026-09-14 18:00:00,2026-09-14 21:00:00,2026-09-14 18:10:00,2026-09-14 21:10:00,Normal,No
SESSION158,SURG158,OT003,Urology,Nephrectomy,2026-09-14 20:00:00,2026-09-14 21:00:00,2026-09-14 20:49:00,2026-09-14 21:49:00,Normal,Yes
SESSION159,SURG159,OT008,Orthopaedics,Hip Arthroplasty,2026-09-14 22:00:00,2026-09-14 23:00:00,2026-09-14 22:00:00,2026-09-14 23:00:00,Normal,No
SESSION160,SURG160,OT006,Neurology,Microdiscectomy,2026-09-14 08:00:00,2026-09-14 09:30:00,2026-09-14 08:00:00,2026-09-14 09:30:00,High,No
SESSION161,SURG161,OT008,Orthopaedics,Fracture Fixation,2026-09-15 10:00:00,2026-09-15 12:30:00,2026-09-15 10:00:00,2026-09-15 12:30:00,High,No
SESSION162,SURG162,OT008,Neurology,Spinal Fusion,2026-09-15 12:00:00,2026-09-15 14:00:00,2026-09-15 12:00:00,2026-09-15 14:00:00,High,No
SESSION163,SURG163,OT004,Urology,Nephrectomy,2026-09-15 14:00:00,2026-09-15 16:00:00,2026-09-15 14:00:00,2026-09-15 16:00:00,Normal,No
SESSION164,SURG164,OT001,Cardiology,Angioplasty,2026-09-15 16:00:00,2026-09-15 19:00:00,2026-09-15 16:00:00,2026-09-15 19:00:00,High,No
SESSION165,SURG165,OT004,Cardiology,Pacemaker Implantation,2026-09-15 18:00:00,2026-09-15 19:30:00,2026-09-15 18:00:00,2026-09-15 19:30:00,High,No
SESSION166,SURG166,OT006,Urology,Kidney Stone Removal,2026-09-15 20:00:00,2026-09-15 22:00:00,2026-09-15 20:00:00,2026-09-15 22:00:00,High,No
SESSION167,SURG167,OT006,ENT,Tonsillectomy,2026-09-15 22:00:00,2026-09-16 01:00:00,2026-09-15 22:00:00,2026-09-16 01:00:00,Normal,No
SESSION168,SURG168,OT006,Neurology,Brain Tumor Resection,2026-09-15 08:00:00,2026-09-15 11:00:00,2026-09-15 08:00:00,2026-09-15 11:00:00,Normal,No
SESSION169,SURG169,OT006,General Surgery,Appendectomy,2026-09-15 10:00:00,2026-09-15 13:00:00,2026-09-15 10:00:00,2026-09-15 13:00:00,Normal,No
SESSION170,SURG170,OT004,Cardiology,Angioplasty,2026-09-15 12:00:00,2026-09-15 13:00:00,2026-09-15 13:09:00,2026-09-15 14:09:00,High,No
SESSION171,SURG171,OT005,Orthopaedics,ACL Reconstruction,2026-09-15 14:00:00,2026-09-15 15:30:00,2026-09-15 14:29:00,2026-09-15 15:59:00,Normal,Yes
SESSION172,SURG172,OT002,Obstetrics & Gynaecology,Myomectomy,2026-09-15 16:00:00,2026-09-15 18:30:00,2026-09-15 16:00:00,2026-09-15 18:30:00,Normal,No
SESSION173,SURG173,OT007,Plastic Surgery,Reconstructive Surgery,2026-09-15 18:00:00,2026-09-15 19:00:00,2026-09-15 18:00:00,2026-09-15 19:00:00,High,No
SESSION174,SURG174,OT004,Plastic Surgery,Rhinoplasty,2026-09-15 20:00:00,2026-09-15 21:00:00,2026-09-15 20:00:00,2026-09-15 21:00:00,Normal,No
SESSION175,SURG175,OT007,Cardiology,Valve Replacement,2026-09-15 22:00:00,2026-09-15 23:30:00,2026-09-15 22:00:00,2026-09-15 23:30:00,Normal,No
SESSION176,SURG176,OT002,ENT,Septoplasty,2026-09-15 08:00:00,2026-09-15 09:00:00,2026-09-15 08:00:00,2026-09-15 09:00:00,Normal,No
SESSION177,SURG177,OT006,ENT,Sinus Surgery,2026-09-15 10:00:00,2026-09-15 11:30:00,2026-09-15 10:00:00,2026-09-15 11:30:00,Normal,No
SESSION178,SURG178,OT003,ENT,Septoplasty,2026-09-15 12:00:00,2026-09-15 14:30:00,2026-09-15 12:26:00,2026-09-15 14:56:00,Normal,No
SESSION179,SURG179,OT008,ENT,Tonsillectomy,2026-09-15 14:00:00,2026-09-15 15:00:00,2026-09-15 14:44:00,2026-09-15 15:44:00,Normal,Yes
SESSION180,SURG180,OT002,Neurology,Spinal Fusion,2026-09-15 16:00:00,2026-09-15 18:30:00,2026-09-15 17:01:00,2026-09-15 19:31:00,Normal,No
SESSION181,SURG181,OT006,Urology,Nephrectomy,2026-09-15 18:00:00,2026-09-15 20:30:00,2026-09-15 18:00:00,2026-09-15 20:30:00,High,No
SESSION182,SURG182,OT006,ENT,Tympanoplasty,2026-09-15 20:00:00,2026-09-15 22:30:00,2026-09-15 20:00:00,2026-09-15 22:30:00,Normal,No
SESSION183,SURG183,OT007,Obstetrics & Gynaecology,Ovarian Cystectomy,2026-09-15 22:00:00,2026-09-16 00:30:00,2026-09-15 22:00:00,2026-09-16 00:30:00,Normal,No
SESSION184,SURG184,OT004,General Surgery,Laparoscopic Cholecystectomy,2026-09-15 08:00:00,2026-09-15 10:30:00,2026-09-15 08:00:00,2026-09-15 10:30:00,High,No
SESSION185,SURG185,OT005,Neurology,Microdiscectomy,2026-09-15 10:00:00,2026-09-15 11:30:00,2026-09-15 10:00:00,2026-09-15 11:30:00,Normal,No
SESSION186,SURG186,OT006,Cardiology,CABG,2026-09-15 12:00:00,2026-09-15 13:30:00,2026-09-15 12:00:00,2026-09-15 13:30:00,Normal,No
SESSION187,SURG187,OT001,Cardiology,Valve Replacement,2026-09-15 14:00:00,2026-09-15 15:30:00,2026-09-15 14:00:00,2026-09-15 15:30:00,High,No
SESSION188,SURG188,OT001,Plastic Surgery,Reconstructive Surgery,2026-09-15 16:00:00,2026-09-15 18:00:00,2026-09-15 16:00:00,2026-09-15 18:00:00,Normal,No
SESSION189,SURG189,OT004,Plastic Surgery,Rhinoplasty,2026-09-15 18:00:00,2026-09-15 20:30:00,2026-09-15 18:49:00,2026-09-15 21:19:00,Normal,No
SESSION190,SURG190,OT003,General Surgery,Hernia Repair,2026-09-15 20:00:00,2026-09-15 23:00:00,2026-09-15 20:00:00,2026-09-15 23:00:00,Normal,No
SESSION191,SURG191,OT001,Neurology,Brain Tumor Resection,2026-09-15 22:00:00,2026-09-16 01:00:00,2026-09-15 22:00:00,2026-09-16 01:00:00,Normal,No
SESSION192,SURG192,OT006,Obstetrics & Gynaecology,Hysterectomy,2026-09-15 08:00:00,2026-09-15 10:30:00,2026-09-15 08:45:00,2026-09-15 11:15:00,Normal,Yes
SESSION193,SURG193,OT008,General Surgery,Hernia Repair,2026-09-16 10:00:00,2026-09-16 13:00:00,2026-09-16 10:00:00,2026-09-16 13:00:00,Normal,No
SESSION194,SURG194,OT006,General Surgery,Colectomy,2026-09-16 12:00:00,2026-09-16 14:30:00,2026-09-16 12:00:00,2026-09-16 14:30:00,High,No
SESSION195,SURG195,OT005,General Surgery,Appendectomy,2026-09-16 14:00:00,2026-09-16 16:00:00,2026-09-16 14:00:00,2026-09-16 16:00:00,Normal,No
SESSION196,SURG196,OT008,ENT,Sinus Surgery,2026-09-16 16:00:00,2026-09-16 18:30:00,2026-09-16 16:00:00,2026-09-16 18:30:00,High,No
SESSION197,SURG197,OT001,Urology,Nephrectomy,2026-09-16 18:00:00,2026-09-16 21:00:00,2026-09-16 18:48:00,2026-09-16 21:48:00,High,Yes
SESSION198,SURG198,OT008,Neurology,Brain Tumor Resection,2026-09-16 20:00:00,2026-09-16 21:00:00,2026-09-16 20:00:00,2026-09-16 21:00:00,Normal,No
SESSION199,SURG199,OT008,Cardiology,Angioplasty,2026-09-16 22:00:00,2026-09-16 23:30:00,2026-09-16 22:00:00,2026-09-16 23:30:00,High,No
SESSION200,SURG200,OT006,Urology,Nephrectomy,2026-09-16 08:00:00,2026-09-16 10:00:00,2026-09-16 08:00:00,2026-09-16 10:00:00,Normal,No
SESSION201,SURG201,OT005,General Surgery,Appendectomy,2026-09-16 10:00:00,2026-09-16 11:30:00,2026-09-16 10:17:00,2026-09-16 11:47:00,High,No
SESSION202,SURG202,OT007,Urology,Kidney Stone Removal,2026-09-16 12:00:00,2026-09-16 14:30:00,2026-09-16 12:00:00,2026-09-16 14:30:00,Normal,No
SESSION203,SURG203,OT004,ENT,Septoplasty,2026-09-16 14:00:00,2026-09-16 16:30:00,2026-09-16 15:06:00,2026-09-16 17:36:00,High,No
SESSION204,SURG204,OT002,General Surgery,Colectomy,2026-09-16 16:00:00,2026-09-16 18:30:00,2026-09-16 16:28:00,2026-09-16 18:58:00,Normal,No
SESSION205,SURG205,OT001,ENT,Tympanoplasty,2026-09-16 18:00:00,2026-09-16 19:30:00,2026-09-16 18:00:00,2026-09-16 19:30:00,Normal,No
SESSION206,SURG206,OT004,Plastic Surgery,Reconstructive Surgery,2026-09-16 20:00:00,2026-09-16 21:00:00,2026-09-16 20:00:00,2026-09-16 21:00:00,High,No
SESSION207,SURG207,OT002,Cardiology,CABG,2026-09-16 22:00:00,2026-09-17 00:00:00,2026-09-16 22:00:00,2026-09-17 00:00:00,Normal,No
SESSION208,SURG208,OT003,Plastic Surgery,Rhinoplasty,2026-09-16 08:00:00,2026-09-16 09:30:00,2026-09-16 08:00:00,2026-09-16 09:30:00,High,No
SESSION209,SURG209,OT002,ENT,Tympanoplasty,2026-09-16 10:00:00,2026-09-16 12:30:00,2026-09-16 10:25:00,2026-09-16 12:55:00,Normal,No
SESSION210,SURG210,OT005,Orthopaedics,Hip Arthroplasty,2026-09-16 12:00:00,2026-09-16 14:30:00,2026-09-16 12:00:00,2026-09-16 14:30:00,High,No
SESSION211,SURG211,OT007,ENT,Tympanoplasty,2026-09-16 14:00:00,2026-09-16 17:00:00,2026-09-16 14:00:00,2026-09-16 17:00:00,Normal,No
SESSION212,SURG212,OT001,Orthopaedics,ACL Reconstruction,2026-09-16 16:00:00,2026-09-16 19:00:00,2026-09-16 16:17:00,2026-09-16 19:17:00,Normal,No
SESSION213,SURG213,OT003,Obstetrics & Gynaecology,Myomectomy,2026-09-16 18:00:00,2026-09-16 21:00:00,2026-09-16 18:00:00,2026-09-16 21:00:00,Normal,No
SESSION214,SURG214,OT007,Cardiology,Pacemaker Implantation,2026-09-16 20:00:00,2026-09-16 23:00:00,2026-09-16 20:00:00,2026-09-16 23:00:00,Normal,No
SESSION215,SURG215,OT008,Obstetrics & Gynaecology,Ovarian Cystectomy,2026-09-16 22:00:00,2026-09-16 23:30:00,2026-09-16 22:00:00,2026-09-16 23:30:00,Normal,No
SESSION216,SURG216,OT005,Cardiology,Pacemaker Implantation,2026-09-16 08:00:00,2026-09-16 10:30:00,2026-09-16 08:00:00,2026-09-16 10:30:00,High,No
SESSION217,SURG217,OT002,Neurology,Craniotomy,2026-09-16 10:00:00,2026-09-16 11:00:00,2026-09-16 10:00:00,2026-09-16 11:00:00,Normal,No
SESSION218,SURG218,OT003,Orthopaedics,ACL Reconstruction,2026-09-16 12:00:00,2026-09-16 13:30:00,2026-09-16 12:00:00,2026-09-16 13:30:00,Normal,No
SESSION219,SURG219,OT003,Neurology,Craniotomy,2026-09-16 14:00:00,2026-09-16 16:30:00,2026-09-16 14:19:00,2026-09-16 16:49:00,Normal,No
SESSION220,SURG220,OT004,Plastic Surgery,Rhinoplasty,2026-09-16 16:00:00,2026-09-16 19:00:00,2026-09-16 16:00:00,2026-09-16 19:00:00,Normal,No
SESSION221,SURG221,OT006,Orthopaedics,Fracture Fixation,2026-09-16 18:00:00,2026-09-16 19:00:00,2026-09-16 18:00:00,2026-09-16 19:00:00,Normal,No
SESSION222,SURG222,OT001,General Surgery,Hernia Repair,2026-09-16 20:00:00,2026-09-16 21:00:00,2026-09-16 20:26:00,2026-09-16 21:26:00,High,No
SESSION223,SURG223,OT002,Orthopaedics,ACL Reconstruction,2026-09-16 22:00:00,2026-09-16 23:30:00,2026-09-16 22:20:00,2026-09-16 23:50:00,High,No
SESSION224,SURG224,OT002,General Surgery,Laparoscopic Cholecystectomy,2026-09-16 08:00:00,2026-09-16 09:30:00,2026-09-16 08:00:00,2026-09-16 09:30:00,High,No
SESSION225,SURG225,OT008,Urology,Prostatectomy,2026-09-17 10:00:00,2026-09-17 11:00:00,2026-09-17 10:29:00,2026-09-17 11:29:00,Normal,No
SESSION226,SURG226,OT001,Urology,Kidney Stone Removal,2026-09-17 12:00:00,2026-09-17 13:30:00,2026-09-17 12:24:00,2026-09-17 13:54:00,Normal,No
SESSION227,SURG227,OT003,Neurology,Brain Tumor Resection,2026-09-17 14:00:00,2026-09-17 16:00:00,2026-09-17 14:00:00,2026-09-17 16:00:00,Normal,No
SESSION228,SURG228,OT003,Cardiology,Valve Replacement,2026-09-17 16:00:00,2026-09-17 17:00:00,2026-09-17 16:27:00,2026-09-17 17:27:00,High,No
SESSION229,SURG229,OT004,General Surgery,Hernia Repair,2026-09-17 18:00:00,2026-09-17 20:00:00,2026-09-17 18:00:00,2026-09-17 20:00:00,Normal,No
SESSION230,SURG230,OT001,Cardiology,Valve Replacement,2026-09-17 20:00:00,2026-09-17 22:30:00,2026-09-17 21:52:00,2026-09-18 00:22:00,Emergency,No
SESSION231,SURG231,OT008,Obstetrics & Gynaecology,Ovarian Cystectomy,2026-09-17 22:00:00,2026-09-18 00:30:00,2026-09-17 22:31:00,2026-09-18 01:01:00,Normal,No
SESSION232,SURG232,OT005,Orthopaedics,Hip Arthroplasty,2026-09-17 08:00:00,2026-09-17 11:00:00,2026-09-17 08:00:00,2026-09-17 11:00:00,Normal,No
SESSION233,SURG233,OT001,Obstetrics & Gynaecology,Hysterectomy,2026-09-17 10:00:00,2026-09-17 13:00:00,2026-09-17 10:00:00,2026-09-17 13:00:00,Normal,No
SESSION234,SURG234,OT004,Neurology,Craniotomy,2026-09-17 12:00:00,2026-09-17 15:00:00,2026-09-17 12:00:00,2026-09-17 15:00:00,Normal,No
SESSION235,SURG235,OT001,General Surgery,Appendectomy,2026-09-17 14:00:00,2026-09-17 15:00:00,2026-09-17 14:00:00,2026-09-17 15:00:00,Normal,No
SESSION236,SURG236,OT006,General Surgery,Appendectomy,2026-09-17 16:00:00,2026-09-17 18:30:00,2026-09-17 16:00:00,2026-09-17 18:30:00,Normal,No
SESSION237,SURG237,OT005,Urology,Nephrectomy,2026-09-17 18:00:00,2026-09-17 19:30:00,2026-09-17 18:00:00,2026-09-17 19:30:00,Normal,No
SESSION238,SURG238,OT003,Obstetrics & Gynaecology,Cesarean Section,2026-09-17 20:00:00,2026-09-17 21:30:00,2026-09-17 20:00:00,2026-09-17 21:30:00,Normal,No
SESSION239,SURG239,OT004,Neurology,Craniotomy,2026-09-17 22:00:00,2026-09-18 00:00:00,2026-09-17 22:45:00,2026-09-18 00:45:00,Emergency,No
SESSION240,SURG240,OT007,Plastic Surgery,Burn Debridement,2026-09-17 08:00:00,2026-09-17 10:00:00,2026-09-17 08:00:00,2026-09-17 10:00:00,High,No
SESSION241,SURG241,OT005,Orthopaedics,Fracture Fixation,2026-09-17 10:00:00,2026-09-17 12:00:00,2026-09-17 10:00:00,2026-09-17 12:00:00,Normal,No
SESSION242,SURG242,OT006,Plastic Surgery,Reconstructive Surgery,2026-09-17 12:00:00,2026-09-17 14:30:00,2026-09-17 12:00:00,2026-09-17 14:30:00,High,No
SESSION243,SURG243,OT004,ENT,Tympanoplasty,2026-09-17 14:00:00,2026-09-17 16:00:00,2026-09-17 14:16:00,2026-09-17 16:16:00,Normal,No
SESSION244,SURG244,OT004,Cardiology,CABG,2026-09-17 16:00:00,2026-09-17 17:30:00,2026-09-17 16:40:00,2026-09-17 18:10:00,High,No
SESSION245,SURG245,OT003,Obstetrics & Gynaecology,Myomectomy,2026-09-17 18:00:00,2026-09-17 20:00:00,2026-09-17 18:59:00,2026-09-17 20:59:00,Normal,No
SESSION246,SURG246,OT006,ENT,Septoplasty,2026-09-17 20:00:00,2026-09-17 23:00:00,2026-09-17 20:26:00,2026-09-17 23:26:00,High,No
SESSION247,SURG247,OT003,Cardiology,Pacemaker Implantation,2026-09-17 22:00:00,2026-09-17 23:30:00,2026-09-17 22:00:00,2026-09-17 23:30:00,Normal,No
SESSION248,SURG248,OT007,Neurology,Spinal Fusion,2026-09-17 08:00:00,2026-09-17 11:00:00,2026-09-17 08:25:00,2026-09-17 11:25:00,Normal,No
SESSION249,SURG249,OT003,General Surgery,Laparoscopic Cholecystectomy,2026-09-17 10:00:00,2026-09-17 11:00:00,2026-09-17 10:00:00,2026-09-17 11:00:00,Normal,No
SESSION250,SURG250,OT008,Orthopaedics,Hip Arthroplasty,2026-09-17 12:00:00,2026-09-17 14:00:00,2026-09-17 12:00:00,2026-09-17 14:00:00,Normal,No
SESSION251,SURG251,OT005,Obstetrics & Gynaecology,Cesarean Section,2026-09-17 14:00:00,2026-09-17 16:00:00,2026-09-17 14:00:00,2026-09-17 16:00:00,Normal,No
SESSION252,SURG252,OT005,Plastic Surgery,Rhinoplasty,2026-09-17 16:00:00,2026-09-17 18:00:00,2026-09-17 16:00:00,2026-09-17 18:00:00,Normal,No
SESSION253,SURG253,OT001,General Surgery,Laparoscopic Cholecystectomy,2026-09-17 18:00:00,2026-09-17 20:00:00,2026-09-17 18:00:00,2026-09-17 20:00:00,Normal,No
SESSION254,SURG254,OT004,Orthopaedics,ACL Reconstruction,2026-09-17 20:00:00,2026-09-17 21:00:00,2026-09-17 20:00:00,2026-09-17 21:00:00,Normal,No
SESSION255,SURG255,OT004,Obstetrics & Gynaecology,Myomectomy,2026-09-17 22:00:00,2026-09-18 01:00:00,2026-09-17 22:00:00,2026-09-18 01:00:00,Normal,No
SESSION256,SURG256,OT001,ENT,Tonsillectomy,2026-09-17 08:00:00,2026-09-17 09:30:00,2026-09-17 08:00:00,2026-09-17 09:30:00,Normal,No
SESSION257,SURG257,OT001,Plastic Surgery,Skin Grafting,2026-09-18 10:00:00,2026-09-18 11:30:00,2026-09-18 10:00:00,2026-09-18 11:30:00,Normal,No
SESSION258,SURG258,OT006,Plastic Surgery,Rhinoplasty,2026-09-18 12:00:00,2026-09-18 13:30:00,2026-09-18 12:00:00,2026-09-18 13:30:00,Normal,No
SESSION259,SURG259,OT008,Cardiology,Valve Replacement,2026-09-18 14:00:00,2026-09-18 16:00:00,2026-09-18 14:00:00,2026-09-18 16:00:00,Normal,No
SESSION260,SURG260,OT007,Obstetrics & Gynaecology,Hysterectomy,2026-09-18 16:00:00,2026-09-18 17:00:00,2026-09-18 16:00:00,2026-09-18 17:00:00,Normal,No
SESSION261,SURG261,OT006,Neurology,Brain Tumor Resection,2026-09-18 18:00:00,2026-09-18 20:00:00,2026-09-18 18:00:00,2026-09-18 20:00:00,Normal,No
SESSION262,SURG262,OT003,Obstetrics & Gynaecology,Cesarean Section,2026-09-18 20:00:00,2026-09-18 21:30:00,2026-09-18 20:00:00,2026-09-18 21:30:00,High,No
SESSION263,SURG263,OT002,Plastic Surgery,Reconstructive Surgery,2026-09-18 22:00:00,2026-09-19 01:00:00,2026-09-18 22:00:00,2026-09-19 01:00:00,High,No
SESSION264,SURG264,OT001,General Surgery,Appendectomy,2026-09-18 08:00:00,2026-09-18 09:30:00,2026-09-18 08:00:00,2026-09-18 09:30:00,Normal,No
SESSION265,SURG265,OT003,Obstetrics & Gynaecology,Cesarean Section,2026-09-18 10:00:00,2026-09-18 11:00:00,2026-09-18 10:00:00,2026-09-18 11:00:00,Normal,No
SESSION266,SURG266,OT007,ENT,Sinus Surgery,2026-09-18 12:00:00,2026-09-18 14:30:00,2026-09-18 12:00:00,2026-09-18 14:30:00,Normal,No
SESSION267,SURG267,OT001,Neurology,Spinal Fusion,2026-09-18 14:00:00,2026-09-18 16:00:00,2026-09-18 14:24:00,2026-09-18 16:24:00,Normal,No
SESSION268,SURG268,OT006,ENT,Septoplasty,2026-09-18 16:00:00,2026-09-18 18:00:00,2026-09-18 16:00:00,2026-09-18 18:00:00,Normal,No
SESSION269,SURG269,OT004,General Surgery,Appendectomy,2026-09-18 18:00:00,2026-09-18 19:00:00,2026-09-18 18:00:00,2026-09-18 19:00:00,Normal,No
SESSION270,SURG270,OT001,Cardiology,CABG,2026-09-18 20:00:00,2026-09-18 21:00:00,2026-09-18 20:00:00,2026-09-18 21:00:00,High,No
SESSION271,SURG271,OT004,Orthopaedics,Fracture Fixation,2026-09-18 22:00:00,2026-09-19 00:30:00,2026-09-18 22:00:00,2026-09-19 00:30:00,Normal,No
SESSION272,SURG272,OT002,Plastic Surgery,Skin Grafting,2026-09-18 08:00:00,2026-09-18 11:00:00,2026-09-18 08:26:00,2026-09-18 11:26:00,Normal,No
SESSION273,SURG273,OT008,Obstetrics & Gynaecology,Hysterectomy,2026-09-18 10:00:00,2026-09-18 11:00:00,2026-09-18 10:39:00,2026-09-18 11:39:00,Normal,No
SESSION274,SURG274,OT005,Plastic Surgery,Reconstructive Surgery,2026-09-18 12:00:00,2026-09-18 13:00:00,2026-09-18 12:00:00,2026-09-18 13:00:00,Normal,No
SESSION275,SURG275,OT001,Orthopaedics,Hip Arthroplasty,2026-09-18 14:00:00,2026-09-18 15:30:00,2026-09-18 14:00:00,2026-09-18 15:30:00,Normal,No
SESSION276,SURG276,OT007,ENT,Sinus Surgery,2026-09-18 16:00:00,2026-09-18 18:00:00,2026-09-18 16:00:00,2026-09-18 18:00:00,High,No
SESSION277,SURG277,OT002,ENT,Sinus Surgery,2026-09-18 18:00:00,2026-09-18 21:00:00,2026-09-18 18:00:00,2026-09-18 21:00:00,High,No
SESSION278,SURG278,OT002,ENT,Sinus Surgery,2026-09-18 20:00:00,2026-09-18 21:00:00,2026-09-18 20:31:00,2026-09-18 21:31:00,Normal,No
SESSION279,SURG279,OT003,Orthopaedics,Knee Replacement,2026-09-18 22:00:00,2026-09-18 23:30:00,2026-09-18 22:00:00,2026-09-18 23:30:00,High,No
SESSION280,SURG280,OT006,Urology,Prostatectomy,2026-09-18 08:00:00,2026-09-18 11:00:00,2026-09-18 08:17:00,2026-09-18 11:17:00,High,No
SESSION281,SURG281,OT006,Cardiology,Pacemaker Implantation,2026-09-18 10:00:00,2026-09-18 11:00:00,2026-09-18 10:45:00,2026-09-18 11:45:00,Normal,No
SESSION282,SURG282,OT004,Plastic Surgery,Rhinoplasty,2026-09-18 12:00:00,2026-09-18 15:00:00,2026-09-18 12:00:00,2026-09-18 15:00:00,Normal,No
SESSION283,SURG283,OT006,Obstetrics & Gynaecology,Ovarian Cystectomy,2026-09-18 14:00:00,2026-09-18 17:00:00,2026-09-18 14:00:00,2026-09-18 17:00:00,Normal,No
SESSION284,SURG284,OT005,Neurology,Spinal Fusion,2026-09-18 16:00:00,2026-09-18 17:00:00,2026-09-18 16:00:00,2026-09-18 17:00:00,Normal,No
SESSION285,SURG285,OT001,Cardiology,Pacemaker Implantation,2026-09-18 18:00:00,2026-09-18 20:30:00,2026-09-18 18:00:00,2026-09-18 20:30:00,High,No
SESSION286,SURG286,OT003,General Surgery,Laparoscopic Cholecystectomy,2026-09-18 20:00:00,2026-09-18 22:30:00,2026-09-18 20:00:00,2026-09-18 22:30:00,High,No
SESSION287,SURG287,OT005,Plastic Surgery,Skin Grafting,2026-09-18 22:00:00,2026-09-18 23:30:00,2026-09-18 22:00:00,2026-09-18 23:30:00,Normal,No
SESSION288,SURG288,OT003,General Surgery,Hernia Repair,2026-09-18 08:00:00,2026-09-18 09:00:00,2026-09-18 08:00:00,2026-09-18 09:00:00,High,No
SESSION289,SURG289,OT007,General Surgery,Laparoscopic Cholecystectomy,2026-09-19 10:00:00,2026-09-19 11:00:00,2026-09-19 10:39:00,2026-09-19 11:39:00,Normal,No
SESSION290,SURG290,OT007,Neurology,Microdiscectomy,2026-09-19 12:00:00,2026-09-19 13:00:00,2026-09-19 12:00:00,2026-09-19 13:00:00,High,No
SESSION291,SURG291,OT008,Neurology,Microdiscectomy,2026-09-19 14:00:00,2026-09-19 17:00:00,2026-09-19 14:00:00,2026-09-19 17:00:00,Normal,No
SESSION292,SURG292,OT003,Cardiology,Pacemaker Implantation,2026-09-19 16:00:00,2026-09-19 17:00:00,2026-09-19 16:00:00,2026-09-19 17:00:00,Normal,No
SESSION293,SURG293,OT003,Orthopaedics,Hip Arthroplasty,2026-09-19 18:00:00,2026-09-19 20:00:00,2026-09-19 18:00:00,2026-09-19 20:00:00,High,No
SESSION294,SURG294,OT002,General Surgery,Colectomy,2026-09-19 20:00:00,2026-09-19 23:00:00,2026-09-19 20:00:00,2026-09-19 23:00:00,Normal,No
SESSION295,SURG295,OT005,Neurology,Brain Tumor Resection,2026-09-19 22:00:00,2026-09-20 01:00:00,2026-09-19 22:00:00,2026-09-20 01:00:00,Normal,No
SESSION296,SURG296,OT006,ENT,Tonsillectomy,2026-09-19 08:00:00,2026-09-19 10:30:00,2026-09-19 08:16:00,2026-09-19 10:46:00,Normal,No
SESSION297,SURG297,OT001,Cardiology,Angioplasty,2026-09-19 10:00:00,2026-09-19 11:30:00,2026-09-19 10:00:00,2026-09-19 11:30:00,Normal,No
SESSION298,SURG298,OT008,Obstetrics & Gynaecology,Cesarean Section,2026-09-19 12:00:00,2026-09-19 13:00:00,2026-09-19 12:18:00,2026-09-19 13:18:00,Normal,No
SESSION299,SURG299,OT001,ENT,Tonsillectomy,2026-09-19 14:00:00,2026-09-19 17:00:00,2026-09-19 14:28:00,2026-09-19 17:28:00,Normal,No
SESSION300,SURG300,OT005,Plastic Surgery,Burn Debridement,2026-09-19 16:00:00,2026-09-19 18:30:00,2026-09-19 16:00:00,2026-09-19 18:30:00,High,No
SESSION301,SURG301,OT003,Urology,Kidney Stone Removal,2026-09-19 18:00:00,2026-09-19 19:00:00,2026-09-19 18:00:00,2026-09-19 19:00:00,Normal,No
SESSION302,SURG302,OT004,Obstetrics & Gynaecology,Hysterectomy,2026-09-19 20:00:00,2026-09-19 22:30:00,2026-09-19 20:00:00,2026-09-19 22:30:00,Normal,No
SESSION303,SURG303,OT003,Orthopaedics,ACL Reconstruction,2026-09-19 22:00:00,2026-09-20 01:00:00,2026-09-19 22:42:00,2026-09-20 01:42:00,High,No
SESSION304,SURG304,OT006,Plastic Surgery,Burn Debridement,2026-09-19 08:00:00,2026-09-19 10:00:00,2026-09-19 08:00:00,2026-09-19 10:00:00,Normal,No
SESSION305,SURG305,OT006,Neurology,Spinal Fusion,2026-09-19 10:00:00,2026-09-19 12:30:00,2026-09-19 10:41:00,2026-09-19 13:11:00,High,No
SESSION306,SURG306,OT005,General Surgery,Appendectomy,2026-09-19 12:00:00,2026-09-19 14:00:00,2026-09-19 12:00:00,2026-09-19 14:00:00,Normal,No
SESSION307,SURG307,OT005,Plastic Surgery,Skin Grafting,2026-09-19 14:00:00,2026-09-19 16:00:00,2026-09-19 14:00:00,2026-09-19 16:00:00,Normal,No
SESSION308,SURG308,OT004,General Surgery,Appendectomy,2026-09-19 16:00:00,2026-09-19 18:30:00,2026-09-19 17:46:00,2026-09-19 20:16:00,Emergency,No
SESSION309,SURG309,OT002,Urology,Kidney Stone Removal,2026-09-19 18:00:00,2026-09-19 19:30:00,2026-09-19 18:50:00,2026-09-19 20:20:00,Normal,Yes
SESSION310,SURG310,OT006,Cardiology,Valve Replacement,2026-09-19 20:00:00,2026-09-19 22:00:00,2026-09-19 20:00:00,2026-09-19 22:00:00,High,No
SESSION311,SURG311,OT004,ENT,Tympanoplasty,2026-09-19 22:00:00,2026-09-20 00:00:00,2026-09-19 22:00:00,2026-09-20 00:00:00,Normal,No
SESSION312,SURG312,OT005,Neurology,Spinal Fusion,2026-09-19 08:00:00,2026-09-19 09:30:00,2026-09-19 09:14:00,2026-09-19 10:44:00,Emergency,No
SESSION313,SURG313,OT008,Neurology,Spinal Fusion,2026-09-19 10:00:00,2026-09-19 12:30:00,2026-09-19 10:57:00,2026-09-19 13:27:00,Normal,No
SESSION314,SURG314,OT001,Urology,Prostatectomy,2026-09-19 12:00:00,2026-09-19 13:30:00,2026-09-19 12:00:00,2026-09-19 13:30:00,High,No
SESSION315,SURG315,OT005,General Surgery,Hernia Repair,2026-09-19 14:00:00,2026-09-19 16:30:00,2026-09-19 14:00:00,2026-09-19 16:30:00,Normal,No
SESSION316,SURG316,OT004,ENT,Septoplasty,2026-09-19 16:00:00,2026-09-19 19:00:00,2026-09-19 16:44:00,2026-09-19 19:44:00,Normal,Yes
SESSION317,SURG317,OT007,ENT,Tympanoplasty,2026-09-19 18:00:00,2026-09-19 19:00:00,2026-09-19 18:00:00,2026-09-19 19:00:00,Normal,No
SESSION318,SURG318,OT003,Urology,TURP,2026-09-19 20:00:00,2026-09-19 21:30:00,2026-09-19 20:00:00,2026-09-19 21:30:00,Normal,No
SESSION319,SURG319,OT002,Orthopaedics,ACL Reconstruction,2026-09-19 22:00:00,2026-09-19 23:30:00,2026-09-19 22:00:00,2026-09-19 23:30:00,High,No
SESSION320,SURG320,OT005,ENT,Tympanoplasty,2026-09-19 08:00:00,2026-09-19 11:00:00,2026-09-19 08:16:00,2026-09-19 11:16:00,High,No
